"0","PlayersSelected","forInfo","Totals forselectedplayers","0","Merit","Form","Prob. ofAppear-ing","0","GW5","0","0","0","0","0","0","0","0","0","0","GW10","0","Rest OfSeason","PointsSo Far","OfficialChance","OfficialAvailability","SelectedBy %","TransfersIn GW","TransfersOut GW","News"
"✔Click to move selected players to the top","Player","forInfoClick  for player info popup","Team","PosPosition","CostPlayer's current price","MeritHow good the player is in terms of likelihood to score FPL points","FormOver/under-performance over the last 4 gameweeks compared to predicted points","Prob. ofAppear-ingProbability that the player will play at all in the next match","PtsGW5Predicted FPL points for gameweek 5, assuming player appears","ValGW5Predicted points for gameweek 5 per million pounds of the player's current cost","PtsGW6Predicted FPL points for gameweek 6, assuming player appears","PtsNext2Predicted total FPL points up to and including gameweek 6, assuming player appears in each match","PtsGW7Predicted FPL points for gameweek 7, assuming player appears","PtsNext3Predicted total FPL points up to and including gameweek 7, assuming player appears in each match","PtsGW8Predicted FPL points for gameweek 8, assuming player appears","PtsNext4Predicted total FPL points up to and including gameweek 8, assuming player appears in each match","PtsGW9Predicted FPL points for gameweek 9, assuming player appears","PtsNext5Predicted total FPL points up to and including gameweek 9, assuming player appears in each match","PtsGW10Predicted FPL points for gameweek 10, assuming player appears","PtsNext6Predicted total FPL points up to and including gameweek 10, assuming player appears in each match","ValNext6Predicted points over the next six gameweeks per million pounds of the player's current cost","PtsRest OfSeasonPredicted FPL points for the rest of the season","ValueRest OfSeasonPredicted points for the rest of the season per million pounds of the player's current cost","PointsSo Far","OfficialChancePlayer's official chance of playing the next match","OfficialAvailability","SelectedBy %Percentage of managers owning this player","TransfersIn GWNumber of transfers in since the last transfer deadline","TransfersOut GWNumber of transfers out since the last transfer deadline","News"
"","Haaland","","MCI","FWD","15.6","5.85","3.65","0.94","6.2","0.39","5","11.2","6.7","17.9","5.2","23.1","5.9","29","5.2","34.1","2.19","192","12.3","33","100","Available","73.2","166755","22193",""
"","Gibbs-White","","NFO","MID","8","4.58","2.87","0.94","5.2","0.65","4.4","9.6","4.5","14","4.5","18.6","4.4","23","4.6","27.6","3.45","159","19.9","26","100","Available","15.7","579114","33417",""
"","B.Fernandes","","MUN","MID","12","6.14","0.22","0.94","5.2","0.43","6.1","11.3","5","16.3","6","22.3","5","27.3","6.1","33.4","2.78","188","15.7","29","100","Available","40.4","60715","286357",""
"","Saka","","ARS","MID","9.5","5.69","1.98","0.92","5","0.52","5.9","10.9","5","15.8","5.8","21.7","4.8","26.5","6.2","32.7","3.44","184","19.4","30","100","Available","13.0","183567","56101",""
"","Tavernier","","BOU","MID","6.1","4.93","2.71","0.94","4.9","0.81","4.4","9.4","5.4","14.7","4.4","19.2","5.2","24.4","4.6","29","4.76","165","27","29","100","Available","6.2","279510","51146",""
"","Guéhi","","MCI","DEF","6","4.11","2.13","0.93","4.6","0.76","3.5","8.1","4.5","12.5","3.6","16.1","4.1","20.2","3.7","23.9","3.98","134","22.3","26","100","Available","18.5","75714","64967",""
"","Szoboszlai","","LIV","MID","7","5.23","-1.32","0.94","4.5","0.65","4.9","9.4","4.6","14","5.2","19.1","4.8","23.9","4.6","28.5","4.08","167","23.9","18","100","Available","34.7","78652","425525",""
"","Palmer","","CHE","MID","9.7","5.01","0.07","0.93","4.4","0.46","5.1","9.6","4.4","13.9","5.1","19","5","24","4.4","28.4","2.93","161","16.6","26","100","Available","26.9","158926","144415",""
"","Dewsbury-Hall","","EVE","MID","6.5","3.97","-0.89","0.94","4.4","0.68","4","8.4","4","12.4","3.4","15.8","3.6","19.4","4.3","23.7","3.65","131","20.1","17","100","Available","6.2","166502","52233",""
"","Scott","","BOU","MID","6.1","4.36","3.07","0.93","4.4","0.72","4.1","8.5","4.7","13.2","4.2","17.4","4.6","22","4.3","26.3","4.31","150","24.5","28","100","Available","5.8","64897","68017",""
"","Anderson","","MCI","MID","6.3","4.3","-0.41","0.94","4.4","0.69","3.9","8.3","4.5","12.8","4","16.8","4.2","21","4","25","3.97","141","22.4","13","100","Available","4.2","26452","33360",""
"","Groß","","BHA","MID","5.7","4.61","5.86","0.9","4.4","0.76","4.3","8.6","4.7","13.3","4.1","17.4","4","21.4","4.8","26.2","4.59","152","26.6","33","100","Available","20.4","529451","87095",""
"","Calvert-Lewin","","LEE","FWD","6","4.08","2.23","0.94","4.3","0.72","3.6","7.9","4.3","12.2","3.9","16.2","3.8","20","4.4","24.4","4.06","142","23.7","20","100","Available","25.3","408575","128443",""
"","Stach","","LEE","MID","6","4.2","-0.22","0.94","4.3","0.72","3.7","8","4.3","12.3","4","16.3","3.9","20.2","4.4","24.6","4.11","142","23.7","22","100","Available","2.7","19869","28579",""
"","Enzo","","MCI","MID","6.9","4.02","-1.35","0.83","4.3","0.62","3.5","7.8","4.6","12.4","3.7","16.1","4.2","20.3","3.7","24.1","3.49","136","19.7","6","100","Available","3.5","48780","29099",""
"","Bogle","","LEE","DEF","4.6","3.87","7.75","0.92","4.3","0.93","3.2","7.5","4.2","11.7","3.5","15.2","3.3","18.5","4.4","22.9","4.98","131","28.5","37","100","Available","5.6","319470","21406",""
"","Barry","","EVE","FWD","5.6","3.57","-0.68","0.94","4.3","0.76","4","8.3","3.8","12","3.2","15.2","3.6","18.8","4.1","22.9","4.1","125","22.4","14","100","Available","7.6","186108","73503",""
"","Silva","","BOU","DEF","5","4.18","-1.04","0.88","4.3","0.85","4","8.3","4.9","13.2","4.2","17.4","4.8","22.2","4.4","26.6","5.32","153","30.6","10","100","Available","0.4","2093","5592",""
"","Mbeumo","","MUN","MID","7.9","4.71","0.95","0.94","4.2","0.54","4.9","9.1","4.1","13.2","4.9","18.1","4.1","22.2","5","27.2","3.44","153","19.3","23","100","Available","21.8","82647","244873",""
"","Thiago","","BRE","FWD","7.8","4.21","-2.72","0.94","4.2","0.54","3.8","8","4.1","12.1","4.3","16.4","4.3","20.7","3.8","24.4","3.13","137","17.6","5","100","Available","9.0","20792","192185",""
"","Truffert","","BOU","DEF","5.5","4.06","-1.63","0.94","4.2","0.76","3.7","7.8","4.9","12.8","3.8","16.6","4.8","21.3","3.9","25.3","4.6","145","26.3","8","100","Available","3.1","5678","29683",""
"","Semenyo","","MCI","MID","8.4","3.86","0.39","0.94","4.1","0.49","3.3","7.4","4.3","11.7","3.4","15.1","3.9","19","3.4","22.4","2.67","125","14.9","16","100","Available","14.9","31595","150852",""
"","N.Williams","","NFO","DEF","5","3.62","0.83","0.94","4.1","0.83","3.3","7.4","3.6","11","3.4","14.4","3.2","17.6","3.6","21.2","4.25","123","24.5","17","100","Available","9.3","115856","43220",""
"","Tarkowski","","EVE","DEF","6.1","3.84","3.36","0.94","4.1","0.68","3.9","8","3.8","11.8","3.4","15.2","3.5","18.7","4.1","22.9","3.75","128","21","29","100","Available","14.3","255340","42462",""
"","O'Reilly","","MCI","DEF","6.4","3.6","-1.48","0.74","4.1","0.65","2.9","7.1","4","11.1","3","14.1","3.6","17.6","3.1","20.7","3.23","115","18","5","100","Available","11.8","11361","159368",""
"","João Pedro","","CHE","FWD","7.8","4.41","3.56","0.62","4.1","0.53","4.6","8.7","4","12.7","4.5","17.2","4.4","21.6","3.9","25.5","3.27","144","18.5","33","75","Doubtful","70.2","248021","470552","Unspecified injury - 75% chance of playing"
"","Cherki","","MCI","MID","7.8","3.79","1.07","0.94","4.1","0.52","3.1","7.2","4.2","11.5","3.2","14.7","3.8","18.5","3.2","21.7","2.78","121","15.5","26","100","Available","28.1","135454","253917",""
"","Pedro Porro","","TOT","DEF","5.4","3.83","0.44","0.93","4.1","0.76","3.2","7.3","4.3","11.6","3.2","14.8","4","18.8","3.3","22.1","4.09","124","23","8","100","Available","8.3","2559","229802",""
"","Senesi","","TOT","DEF","5.8","3.97","-0.06","0.45","4.1","0.7","3.5","7.5","4.2","11.7","3.4","15.1","4","19.1","3.5","22.6","3.89","127","21.9","3","100","Available","3.8","2293","63767",""
"","Muñoz","","NFO","DEF","5.4","3.55","-1.47","0.85","4.1","0.76","3.2","7.3","3.5","10.8","3.4","14.2","3.2","17.5","3.6","21.1","3.9","123","22.8","3","100","Available","6.1","71007","45553",""
"","Muharemović","","LEE","DEF","5","3.94","1.71","0.9","4.1","0.82","3.6","7.7","4.1","11.7","3.9","15.7","3.8","19.5","4.2","23.7","4.74","135","27","21","100","Available","4.4","58314","22348",""
"","Van Hecke","","TOT","DEF","4.9","3.77","2.24","0.94","4.1","0.83","3.5","7.6","4.3","11.9","3.6","15.5","4.1","19.6","3.7","23.3","4.74","132","27","18","100","Available","6.7","35057","37042",""
"","Gvardiol","","MCI","DEF","5.7","3.52","5.34","0.91","4.1","0.71","3","7.1","4","11.1","3.2","14.2","3.6","17.9","3.3","21.1","3.71","119","20.9","33","100","Available","25.6","497213","35637",""
"","Gabriel","","ARS","DEF","8","4.78","1.83","0.94","4","0.5","5","9","4.1","13.1","4.9","18","3.8","21.7","5.2","26.9","3.36","148","18.5","24","100","Available","23.1","42495","102150",""
"","Rice","","ARS","MID","7.4","4.48","0.96","0.93","4","0.54","4.5","8.5","4.1","12.6","4.5","17.1","4","21.1","4.7","25.8","3.49","146","19.7","19","100","Available","12.5","25805","73489",""
"","Donnarumma","","MCI","GK","5.5","3.47","1.78","0.94","4","0.73","3.1","7.1","3.7","10.8","3.3","14.1","3.5","17.6","3.3","21","3.81","118","21.5","17","100","Available","7.9","48832","38135",""
"","Murillo","","NFO","DEF","5.5","3.47","2.1","0.93","3.9","0.71","3.4","7.3","3.6","10.9","3.6","14.5","3.4","17.9","3.6","21.5","3.91","124","22.6","19","100","Available","2.2","50157","9776",""
"","Schade","","BRE","MID","6.1","3.81","5.22","0.94","3.9","0.64","3.5","7.4","3.8","11.2","4.1","15.3","4.1","19.4","3.5","23","3.76","130","21.3","30","100","Available","7.3","366858","48899",""
"","Thiaw","","NEW","DEF","5","3.57","-1.61","0.94","3.8","0.77","3.6","7.4","3.8","11.1","3.5","14.6","3.8","18.4","3.5","21.8","4.36","122","24.3","10","100","Available","2.2","23604","22021",""
"","Hall","","NEW","DEF","5.2","3.36","0.24","0.93","3.8","0.74","3.3","7.1","3.5","10.6","3.1","13.7","3.6","17.2","3.1","20.3","3.9","111","21.4","18","100","Available","14.7","183931","101151",""
"","Van de Ven","","TOT","DEF","5","3.33","2","0.93","3.8","0.76","3","6.8","3.8","10.7","2.9","13.6","3.5","17.1","3","20.1","4.01","111","22.3","15","100","Available","4.0","27023","18344",""
"","E.Le Fée","","SUN","MID","5.8","4.38","-0.78","0.94","3.8","0.66","4.4","8.2","3.9","12.1","4.5","16.7","4.2","20.8","4.3","25.2","4.34","144","24.9","13","100","Available","3.6","5054","82307",""
"","Rogers","","CHE","MID","7.7","4.2","2.53","0.93","3.8","0.49","4.3","8.1","3.8","11.9","4.3","16.2","4.2","20.3","3.8","24.1","3.13","136","17.7","27","100","Available","39.5","602088","57218",""
"","Garner","","EVE","MID","6","3.6","-0.9","0.94","3.8","0.63","3.7","7.5","3.6","11.2","3.4","14.6","3.6","18.1","3.9","22.1","3.68","125","20.8","8","100","Available","0.2","10282","2836",""
"","Matheus N.","","MCI","DEF","5.9","3.15","2.33","0.75","3.8","0.64","3","6.8","3.8","10.5","3.1","13.6","3.5","17.2","3.2","20.4","3.45","116","19.6","10","100","Available","1.0","6245","3698",""
"","Virgil","","LIV","DEF","6.5","4.15","1.23","0.94","3.8","0.58","4","7.7","3.8","11.6","4.2","15.8","4","19.8","3.9","23.7","3.65","142","21.8","17","100","Available","16.4","32114","78619",""
"","Botman","","NEW","DEF","5","3.48","-1.05","0.94","3.8","0.75","3.6","7.4","3.8","11.1","3.5","14.7","3.8","18.5","3.5","22","4.4","123","24.6","11","100","Available","0.7","6623","5786",""
"","Ndiaye","","MCI","MID","5.9","3.58","-0.92","0.94","3.7","0.64","3.2","6.9","3.9","10.8","3.2","14","3.6","17.6","3.2","20.8","3.53","117","19.8","17","100","Available","7.5","36425","162837",""
"","Wissa","","NEW","FWD","6.2","3.28","0.08","0.91","3.7","0.59","3.3","6.9","3.5","10.4","3.1","13.5","3.4","16.9","3.1","20","3.23","111","17.9","15","100","Available","18.8","260340","187537",""
"","Branthwaite","","EVE","DEF","5.5","3.26","1.62","0.93","3.6","0.66","3.4","7.1","3.3","10.4","3","13.5","3.1","16.6","3.7","20.3","3.68","114","20.7","19","100","Available","2.3","42747","11646",""
"","Mykolenko","","EVE","DEF","4.5","3.17","3.17","0.94","3.6","0.81","3.4","7.1","3.5","10.6","3.2","13.7","3.3","17","3.8","20.8","4.63","119","26.4","22","100","Available","3.8","191888","20625",""
"","Rúben","","MCI","DEF","5.5","3.13","1.69","0.87","3.6","0.66","2.8","6.5","3.4","9.9","3","12.9","3.2","16.1","3.1","19.1","3.47","108","19.6","16","100","Available","1.9","18818","9690",""
"","Diomande","","NFO","DEF","5.4","3.24","-0.15","0.64","3.6","0.67","3.3","6.9","3.3","10.2","3.6","13.8","3.4","17.2","3.4","20.6","3.81","121","22.4","5","100","Available","0.5","3452","3010",""
"","Suzuki","","AVL","GK","5","3.65","0.98","0.96","3.6","0.72","3.7","7.3","3.3","10.6","3.3","13.9","3.6","17.5","3.3","20.9","4.17","118","23.5","14","100","Available","1.8","14583","16430",""
"","Rulli","","MCI","GK","5","3.19","1","0.06","3.6","0.72","3","6.6","3.4","10","3.1","13.1","3.3","16.3","3.1","19.5","3.89","109","21.9","0","100","Available","0.0","147","177",""
"","Sels","","NFO","GK","5","3.24","0.2","0.94","3.6","0.71","3.2","6.7","3.3","10","3.3","13.3","3.1","16.4","3.3","19.8","3.95","115","22.9","12","100","Available","1.8","32408","11200",""
"","Ampadu","","LEE","MID","5.4","3.56","0.78","0.94","3.6","0.66","3.3","6.8","3.6","10.4","3.6","14","3.5","17.5","3.7","21.2","3.92","121","22.5","16","100","Available","0.9","4871","8645",""
"","Barnes","","NEW","MID","6","3.06","2.36","0.94","3.5","0.59","3.2","6.7","3.4","10.1","3","13.2","3.4","16.5","3","19.5","3.26","109","18.1","19","100","Available","4.0","168535","35317",""
"","Mukiele","","SUN","DEF","5.4","3.93","-0.26","0.87","3.5","0.65","4","7.5","3.6","11.1","4.1","15.2","3.7","18.9","3.9","22.7","4.21","130","24","13","100","Available","1.9","4862","24660",""
"","Doku","","MCI","MID","7.4","3.21","1","0.59","3.5","0.47","2.8","6.3","3.6","10","2.9","12.9","3.3","16.2","2.9","19.1","2.58","107","14.5","0","75","Doubtful","0.7","223","6436","Calf injury - 75% chance of playing"
"","Hill","","BOU","DEF","5.5","3.37","-1.34","0.94","3.5","0.64","3.3","6.8","3.9","10.7","3.4","14.1","3.8","17.9","3.5","21.4","3.89","122","22.2","8","100","Available","0.8","2983","10080",""
"","Iwobi","","FUL","MID","5.4","3.41","-0.89","0.94","3.5","0.65","3.3","6.8","3.8","10.6","3.4","14","3.2","17.1","3.6","20.7","3.84","116","21.5","9","100","Available","0.7","2714","8252",""
"","Gakpo","","LIV","MID","7.2","3.85","1.78","0.94","3.5","0.48","3.7","7.1","3.5","10.6","3.8","14.4","3.4","17.9","3.5","21.3","2.96","125","17.4","29","100","Available","12.6","148580","142315",""
"","Lewis-Potter","","BRE","MID","5.5","3.4","-0.26","0.94","3.5","0.63","3.1","6.6","3.3","9.9","3.4","13.3","3.5","16.8","3","19.8","3.61","112","20.3","19","100","Available","1.8","5412","37123",""
"","Isak","","LIV","FWD","9.1","3.87","2.67","0.95","3.5","0.38","3.8","7.2","3.7","10.9","4","14.9","3.6","18.5","3.6","22.1","2.42","130","14.3","25","100","Available","21.8","116887","210961",""
"","Pickford","","EVE","GK","5.5","3.24","0.81","0.94","3.5","0.63","3.4","6.9","3.4","10.2","3.2","13.4","3.2","16.6","3.6","20.3","3.68","116","21","17","100","Available","9.2","65441","36748",""
"","Ødegaard","","ARS","MID","6.8","3.9","2.57","0.91","3.5","0.51","4.1","7.5","3.4","11","4","14.9","3.2","18.2","4.2","22.4","3.29","125","18.4","27","100","Available","19.8","287844","113144",""
"","Pope","","NEW","GK","4.9","3.12","1","0.06","3.5","0.71","3.2","6.7","3.3","10","3.1","13","3.4","16.4","3.1","19.5","3.98","109","22.2","0","100","Available","1.0","1622","6520",""
"","M.Sangaré","","BRE","MID","5.7","3.49","0.34","0.89","3.4","0.6","3.3","6.7","3.4","10.2","3.6","13.8","3.6","17.4","3.3","20.8","3.64","118","20.8","22","100","Available","11.3","25317","179351",""
"","Cunha","","MUN","MID","7.9","3.67","-0.11","0.91","3.4","0.43","3.8","7.3","3.4","10.6","3.8","14.4","3.3","17.8","3.9","21.7","2.74","122","15.5","16","100","Available","5.8","10429","74670",""
"","Raya","","ARS","GK","6","4.01","4.51","0.94","3.4","0.57","4.1","7.6","3.4","11","4.1","15.1","3.1","18.2","4.2","22.5","3.74","123","20.5","29","100","Available","41.1","247895","57031",""
"","Aina","","NFO","DEF","4.5","3","-1.39","0.94","3.4","0.76","2.8","6.2","3","9.3","3","12.3","2.8","15.1","3.1","18.2","4.04","106","23.5","8","100","Available","2.6","17204","21540",""
"","Evanilson","","BOU","FWD","6","3.45","0.55","0.94","3.4","0.57","3.2","6.7","3.6","10.3","3.3","13.6","3.6","17.1","3.3","20.5","3.41","116","19.4","16","100","Available","3.2","38759","40307",""
"","Wirtz","","LIV","MID","7.3","3.87","-0.71","0.92","3.4","0.47","3.7","7.1","3.5","10.6","3.9","14.6","3.6","18.1","3.5","21.7","2.97","128","17.6","12","100","Available","6.3","5015","151993",""
"","Rayan","","BOU","MID","6.4","3.4","-1.34","0.9","3.4","0.53","3.2","6.6","3.8","10.4","3.2","13.6","3.7","17.3","3.4","20.7","3.23","118","18.5","8","100","Available","1.6","3891","31198",""
"","Justin","","LEE","DEF","4.5","3.2","0.08","0.94","3.4","0.75","2.9","6.3","3.3","9.6","3.1","12.7","3","15.8","3.5","19.3","4.28","110","24.4","18","100","Available","1.5","8029","10466",""
"","Kroupi.Jr","","BOU","MID","7.4","3.34","1","0.79","3.4","0.46","3.1","6.5","3.7","10.2","3.2","13.4","3.6","17","3.3","20.3","2.74","115","15.6","0","0","Injured","0.2","129","1620","Foot injury - Expected back 7 Nov"
"","Gonzalo","","FUL","FWD","6","3.24","-0.6","0.9","3.4","0.56","3.2","6.6","3.6","10.2","3.3","13.5","3.1","16.6","3.3","20","3.33","111","18.6","12","100","Available","3.6","33172","65041",""
"","Egan","","HUL","DEF","4.1","3.21","2.16","0.94","3.4","0.82","3.5","6.8","3.5","10.3","3.6","13.9","3.6","17.5","3.4","21","5.11","120","29.3","25","100","Available","7.0","102918","39019",""
"","Sarr","","CRY","MID","6.2","3.66","1","0.75","3.3","0.54","3.9","7.2","3.3","10.5","3.8","14.2","3.5","17.7","3.6","21.3","3.44","121","19.5","0","100","Available","0.6","770","11281",""
"","Xhaka","","SUN","MID","5.5","3.64","-0.02","0.94","3.3","0.61","3.7","7","3.4","10.5","3.7","14.2","3.6","17.7","3.6","21.3","3.88","122","22.1","19","100","Available","3.8","11954","50747",""
"","Khusanov","","MCI","DEF","5.4","2.89","0.21","0.68","3.3","0.62","2.7","6.1","3.2","9.3","2.8","12.1","3","15.1","2.9","18","3.33","101","18.7","9","100","Available","1.4","3078","16953",""
"","Kelleher","","BRE","GK","5","3.41","-0.59","0.94","3.3","0.67","3.2","6.6","3.3","9.9","3.4","13.2","3.5","16.8","3.2","20","4","114","22.8","14","100","Available","6.1","8155","55313",""
"","Davis","","IPS","DEF","4","3.35","4.74","0.89","3.3","0.83","4.2","7.6","3.3","10.9","4.3","15.2","3.9","19.1","4.2","23.3","5.83","132","33","23","100","Available","6.7","179086","30419",""
"","Horníček","","NEW","GK","5","3.12","-0.7","0.95","3.3","0.67","3.1","6.5","3.2","9.7","3","12.7","3.2","15.9","3.1","19","3.79","106","21.2","11","100","Available","1.5","19608","13018",""
"","Keane","","EVE","DEF","4.8","3.02","1","0.31","3.3","0.69","3.1","6.5","3.1","9.5","2.8","12.3","2.9","15.3","3.3","18.6","3.87","105","21.8","0","100","Available","0.8","1791","10740",""
"","Janelt","","BRE","MID","5","3.17","2.92","0.93","3.3","0.66","3.2","6.6","3.4","9.9","3.5","13.5","3.5","16.9","3.3","20.2","4.04","115","23","25","100","Available","2.5","40361","29332",""
"","Allan","","MCI","MID","6","3.04","1","0.29","3.3","0.55","2.8","6.1","3.5","9.6","2.9","12.4","3.2","15.6","2.9","18.5","3.08","104","17.3","0","100","Available","0.0","296","221",""
"","Khalaili","","CRY","DEF","5","3.48","0.8","0.89","3.3","0.66","3.7","7","3.2","10.2","3.6","13.8","3.4","17.2","3.5","20.7","4.13","117","23.3","13","100","Available","0.3","5268","5241",""
"","A.Becker","","LIV","GK","5.5","3.44","2.79","0.94","3.3","0.6","3.4","6.7","3.2","9.9","3.6","13.4","3.4","16.8","3.3","20.1","3.66","120","21.8","19","100","Available","3.9","18339","21323",""
"","Petrović","","BOU","GK","4.5","3.24","-1.75","0.93","3.3","0.73","3.1","6.4","3.8","10.3","3.2","13.4","3.6","17.1","3.1","20.2","4.49","114","25.2","7","100","Available","3.0","6190","23216",""
"","Leno","","FUL","GK","4.5","3.2","1.59","0.94","3.3","0.73","3.1","6.4","3.5","10","3.2","13.1","3.1","16.3","3.5","19.7","4.38","111","24.6","15","100","Available","3.1","32039","14981",""
"","Robinson","","FUL","DEF","4.5","3.08","0.16","0.93","3.3","0.72","3.1","6.4","3.6","10","3.2","13.2","3.1","16.3","3.5","19.8","4.41","112","24.9","10","100","Available","1.4","9674","9797",""
"","De Cuyper","","BHA","DEF","4.9","3.4","4.06","0.92","3.3","0.67","3","6.2","3.6","9.8","2.9","12.7","2.8","15.5","3.7","19.2","3.92","113","23","32","100","Available","24.4","368447","102040",""
"","Elvedi","","LEE","DEF","4.5","3","-0.26","0.79","3.3","0.72","2.9","6.1","3.3","9.4","3.1","12.5","3","15.5","3.4","18.9","4.2","108","24.1","7","100","Available","0.0","700","412",""
"","Schuster","","BRE","DEF","4.5","3.19","0.29","0.59","3.3","0.72","3.2","6.4","3.3","9.8","3.4","13.1","3.4","16.6","3.2","19.7","4.38","113","25","7","100","Available","0.1","290","885",""
"","Castagne","","FUL","DEF","4.5","2.99","1.57","0.93","3.3","0.72","3","6.3","3.5","9.8","3","12.8","2.9","15.7","3.3","19","4.22","105","23.4","19","100","Available","0.8","12091","6589",""
"","Burn","","NEW","DEF","4.9","2.91","1","0.35","3.2","0.66","2.9","6.2","3.1","9.3","2.8","12.1","3.1","15.2","2.8","18","3.68","100","20.3","0","0","Injured","0.8","169","10454","Ankle injury - Expected back 19 Sep"
"","Lacroix","","CHE","DEF","6","3.69","-2.21","0.92","3.2","0.54","3.4","6.7","3.3","9.9","3.5","13.5","3.4","16.8","3.2","20.1","3.35","113","18.8","10","100","Available","7.0","8177","107549",""
"","Kinsky","","TOT","GK","4.5","2.92","1.98","0.94","3.2","0.72","2.9","6.1","3.3","9.4","2.8","12.2","3.1","15.3","2.8","18","4.01","101","22.5","16","100","Available","18.2","82261","80806",""
"","Andersen","","FUL","DEF","5","3.26","-1.18","0.7","3.2","0.65","3.1","6.4","3.5","9.9","3.2","13.1","3.1","16.2","3.5","19.7","3.93","111","22.2","2","100","Available","0.1","1618","1796",""
"","Tonali","","TOT","MID","5.4","2.98","0.36","0.93","3.2","0.6","3","6.2","3.4","9.5","2.9","12.5","3.2","15.7","3","18.7","3.46","106","19.6","12","100","Available","2.0","3515","54979",""
"","Richards","","CRY","DEF","5","3.42","-1.98","0.94","3.2","0.64","3.5","6.8","3.3","10","3.7","13.7","3.5","17.2","3.5","20.7","4.14","119","23.7","6","100","Available","0.6","1671","8170",""
"","Tanaka","","LEE","MID","4.9","2.95","1.57","0.83","3.2","0.65","2.8","6","3.1","9.1","2.9","12","2.8","14.9","3.2","18","3.68","103","21","12","100","Available","0.3","8689","2945",""
"","Mainoo","","MUN","MID","5.5","3.13","2.25","0.93","3.2","0.58","3.5","6.6","3.2","9.8","3.4","13.2","3.1","16.3","3.4","19.7","3.58","111","20.2","18","100","Available","1.6","30997","11817",""
"","Tzolakis","","HUL","GK","4.6","3.29","2.39","0.96","3.2","0.69","3.6","6.7","3.4","10.1","3.6","13.7","3.6","17.3","3.3","20.6","4.47","117","25.4","28","100","Available","11.3","144119","49177",""
"","Affengruber","","FUL","DEF","4.5","3.01","2.18","0.53","3.2","0.71","3.2","6.3","3.5","9.9","3.2","13.1","3.1","16.2","3.4","19.6","4.36","111","24.6","8","100","Available","0.0","2032","444",""
"","Lammens","","MUN","GK","4.9","3.28","-1.39","0.94","3.2","0.65","3.5","6.7","3.1","9.8","3.4","13.2","3.2","16.4","3.5","19.9","4.06","113","23.1","7","100","Available","10.4","12754","104598",""
"","Maguire","","MUN","DEF","4.9","3.34","-1.52","0.92","3.2","0.65","3.6","6.8","3.1","9.9","3.4","13.4","3","16.4","3.6","20","4.08","113","23.1","8","100","Available","9.5","12685","125134",""
"","Thomas","","COV","DEF","4","3.31","0.01","0.88","3.2","0.79","3.5","6.6","3","9.7","3.3","13","3.4","16.4","3","19.4","4.85","106","26.5","15","100","Available","8.7","27317","64694",""
"","Jacquet","","LIV","DEF","5","3.39","2.45","0.88","3.2","0.63","3.3","6.4","3.1","9.5","3.4","12.9","3.2","16.1","3.1","19.3","3.85","113","22.7","18","100","Available","3.2","63990","16574",""
"","Verbruggen","","BHA","GK","4.5","3.28","1.46","0.94","3.1","0.7","3.2","6.3","3.4","9.7","3.1","12.8","3.1","15.9","3.5","19.4","4.31","112","24.8","17","100","Available","21.4","78447","114983",""
"","Schlager","","NFO","MID","5","2.85","0.51","0.87","3.1","0.63","3.1","6.3","2.9","9.2","3.2","12.4","3.1","15.5","3","18.5","3.7","106","21.3","11","100","Available","0.1","2624","1110",""
"","Barcola","","LIV","MID","8","3.68","-1.22","0.9","3.1","0.39","3.5","6.6","3.3","9.9","3.8","13.6","3.4","17","3.3","20.3","2.54","121","15.1","4","100","Available","1.9","22171","40388",""
"","Scherpen","","IPS","GK","4.5","3.23","-1.4","0.94","3.1","0.69","3.6","6.7","3.2","9.9","3.6","13.6","3.3","16.9","3.5","20.4","4.54","116","25.8","7","100","Available","0.6","2426","3652",""
"","Ndoye","","NFO","MID","5.5","2.48","0.72","0.89","3.1","0.57","2.7","5.8","2.7","8.5","2.8","11.3","2.8","14.1","2.8","16.9","3.07","98","17.8","14","100","Available","0.8","21476","10229",""
"","Vuskovic","","BHA","DEF","5","3.07","3.83","0.89","3.1","0.62","3","6.1","3.4","9.5","3","12.5","3","15.5","3.5","19","3.79","110","22","24","100","Available","3.1","25368","29617",""
"","Schär","","NEW","DEF","4.9","2.65","-0.21","0.18","3.1","0.63","2.7","5.8","3","8.8","2.6","11.4","3","14.4","2.6","16.9","3.45","94","19.1","1","100","Available","0.2","1020","2259",""
"","Bruno G.","","ARS","MID","6.7","3.57","0.88","0.93","3.1","0.46","3.6","6.7","3.2","9.9","3.6","13.5","3","16.5","3.8","20.3","3.03","114","17.1","8","100","Available","1.8","14802","8803",""
"","Fernandes","","TOT","MID","5.8","3.08","-1.57","0.94","3.1","0.53","2.8","5.9","3.2","9.1","2.8","11.9","3.1","15","2.8","17.8","3.06","100","17.3","6","100","Available","0.8","2249","12087",""
"","O.Dango","","BRE","MID","6.3","3.13","-2.11","0.94","3.1","0.49","2.7","5.8","3","8.8","3.1","11.9","3.2","15.1","2.6","17.7","2.81","100","15.8","6","100","Available","0.5","786","12310",""
"","Gomez","","BHA","MID","5","3.3","0.09","0.94","3.1","0.62","3.1","6.2","3.4","9.6","3","12.6","2.9","15.5","3.4","18.9","3.77","110","22","16","100","Available","4.2","11809","66061",""
"","Palacios","","IPS","MID","5","2.97","0.88","0.86","3.1","0.62","3.2","6.3","2.9","9.3","3.2","12.5","3.2","15.6","3.2","18.8","3.76","106","21.1","9","100","Available","0.1","3995","1173",""
"","Lecomte","","FUL","GK","4","2.88","1","0.07","3.1","0.77","2.9","6","3.2","9.2","2.9","12.1","2.9","14.9","3.1","18.1","4.52","101","25.3","0","100","Available","1.1","3144","3670",""
"","Buendía","","AVL","MID","5.9","3.02","-0.82","0.94","3.1","0.52","3.2","6.3","2.9","9.2","2.9","12.1","3.1","15.3","2.9","18.1","3.07","102","17.4","9","100","Available","0.9","5327","19609",""
"","Martinez","","CHE","GK","5","3.42","-1.01","0.94","3.1","0.61","3.4","6.5","3.2","9.7","3.5","13.2","3.5","16.7","3.2","20","3.99","114","22.7","7","100","Available","4.9","18562","48796",""
"","Roefs","","SUN","GK","4.9","3.3","-0.59","0.94","3.1","0.63","3.4","6.4","3","9.5","3.4","12.9","3.1","16","3.2","19.2","3.92","109","22.2","11","100","Available","2.6","2243","31309",""
"","O'Shea","","IPS","DEF","4","3.1","-1.06","0.94","3.1","0.77","3.5","6.6","3","9.6","3.6","13.2","3.2","16.4","3.5","19.8","4.96","113","28.2","8","100","Available","2.8","6121","17973",""
"","Trafford","","LEE","GK","5","2.9","0.57","0.94","3.1","0.61","2.9","6","3.2","9.1","3.1","12.3","3","15.3","3.2","18.6","3.71","106","21.2","18","100","Available","5.5","27677","28408",""
"","Gudmundsson","","LEE","DEF","4.5","2.82","1.01","0.78","3.1","0.68","2.5","5.6","3.1","8.7","2.8","11.4","2.7","14.1","3.3","17.4","3.86","100","22.2","8","100","Available","0.1","1355","464",""
"","Jair Cunha","","NFO","DEF","4.5","2.56","1.24","0.47","3.1","0.68","2.5","5.5","2.7","8.2","2.5","10.7","2.4","13.1","2.7","15.7","3.5","90","19.9","10","75","Doubtful","0.2","189","4218","Hamstring injury - 75% chance of playing"
"","Palestra","","CHE","DEF","5.3","3.38","1","0.18","3.1","0.58","3.5","6.5","3.2","9.7","3.7","13.4","3.5","16.9","3.2","20.1","3.79","114","21.6","0","50","Doubtful","0.7","224","18139","Thigh injury - 50% chance of playing"
"","Svoboda","","BHA","DEF","5","3.11","1","0.15","3","0.61","3","6.1","3.3","9.4","2.9","12.3","2.8","15.1","3.4","18.4","3.68","107","21.3","0","100","Available","0.1","599","880",""
"","Ballard","","SUN","DEF","4.9","3.53","-0.59","0.94","3","0.62","3.5","6.5","3","9.5","3.5","13.1","3.1","16.2","3.3","19.4","3.97","110","22.5","12","100","Available","2.7","5732","42755",""
"","Aït-Nouri","","MCI","DEF","5.3","2.53","1","0.19","3","0.57","2.3","5.4","3","8.4","2.4","10.7","2.7","13.5","2.4","15.9","3.01","89","16.9","0","100","Available","0.4","1217","5557",""
"","Timber","","CRY","MID","5","3.12","0.44","0.8","3","0.61","3.5","6.5","3.2","9.7","3.6","13.3","3.3","16.6","3.5","20.1","4.02","116","23.1","6","100","Available","0.0","1269","564",""
"","L.Miley","","NEW","MID","5.5","2.78","-1.43","0.93","3","0.55","2.9","5.9","3","8.9","2.8","11.7","3","14.7","2.8","17.5","3.18","98","17.8","8","100","Available","0.1","1039","1172",""
"","O.Richards","","NFO","DEF","4","2.63","1","0.08","3","0.76","2.6","5.6","2.7","8.3","2.6","10.9","2.5","13.4","2.7","16.1","4.02","92","23.1","0","100","Available","0.2","919","1459",""
"","Gomes","","AVL","MID","5.5","3.08","-0.2","0.57","3","0.55","3.2","6.2","2.9","9.2","3","12.1","3.2","15.3","2.9","18.2","3.31","104","18.9","-2","75","Doubtful","0.0","398","297","Calf injury - 75% chance of playing"
"","Tielemans","","MUN","MID","5.8","3.23","-0.9","0.94","3","0.52","3.3","6.4","2.9","9.3","3.3","12.6","2.9","15.5","3.3","18.8","3.25","106","18.3","10","100","Available","1.5","7507","22158",""
"","Damsgaard","","BRE","MID","5.4","3.08","0.43","0.94","3","0.56","2.8","5.8","2.9","8.8","3.1","11.8","3.1","14.9","2.7","17.7","3.27","100","18.5","13","100","Available","0.4","1263","6924",""
"","Bassey","","FUL","DEF","4.5","2.91","0.26","0.94","3","0.67","2.9","5.9","3.4","9.3","2.9","12.2","2.8","15.1","3.3","18.3","4.07","103","22.9","9","100","Available","0.7","3266","3386",""
"","F.Kadıoğlu","","BHA","DEF","4.4","3.13","0.18","0.88","3","0.69","2.9","5.9","3.4","9.3","2.8","12","2.7","14.8","3.5","18.2","4.14","107","24.2","8","100","Available","1.6","3806","15277",""
"","Enciso","","IPS","MID","5.5","3.02","-0.38","0.9","3","0.55","3.3","6.3","2.8","9.1","3.3","12.4","3.3","15.6","3.3","18.9","3.44","105","19.1","13","100","Available","0.8","7958","13338",""
"","Palacios","","FUL","MID","5.4","2.88","1.12","0.66","3","0.56","2.9","5.9","3.3","9.2","2.9","12.1","2.8","14.8","3","17.8","3.3","99","18.3","11","100","Available","0.2","1616","2090",""
"","Wharton","","CRY","MID","5.5","3.25","-1.12","0.94","3","0.55","3.2","6.3","3","9.2","3.2","12.5","3.1","15.6","3.1","18.7","3.4","106","19.3","10","100","Available","0.8","2551","10541",""
"","Neto","","CHE","MID","6.5","3.26","-0.41","0.91","3","0.46","3.4","6.4","3","9.4","3.4","12.8","3.3","16.1","3","19.1","2.94","108","16.6","12","100","Available","1.4","13444","19648",""
"","Maitland-Niles","","EVE","DEF","4.5","2.59","2.74","0.77","3","0.67","3","6","2.8","8.8","2.5","11.3","2.6","14","3.2","17.2","3.82","97","21.6","13","100","Available","0.9","44750","5377",""
"","Di Gregorio","","BOU","GK","4.5","2.98","1","0.08","3","0.67","2.9","5.9","3.4","9.3","2.9","12.2","3.2","15.5","3","18.4","4.09","103","23","0","100","Available","0.0","320","500",""
"","Calafiori","","ARS","DEF","5.8","3.62","2.76","0.92","3","0.52","3.9","6.9","2.9","9.8","3.8","13.6","2.6","16.3","4.1","20.3","3.51","111","19.1","28","100","Available","50.2","238330","70970",""
"","Travers","","EVE","GK","5","2.72","1","0.05","3","0.6","2.8","5.8","2.9","8.6","2.7","11.3","2.7","13.9","3.1","17","3.4","97","19.3","0","100","Available","0.0","508","415",""
"","Shaw","","MUN","DEF","4.4","3.16","-0.21","0.27","3","0.68","3.5","6.5","2.9","9.4","3.3","12.7","2.8","15.5","3.5","19","4.31","108","24.5","7","50","Doubtful","8.9","2126","281674","Unspecified injury - 50% chance of playing"
"","N.Jackson","","AVL","FWD","6.5","3.08","-2.14","0.72","3","0.46","3.1","6.1","2.8","9","2.9","11.9","3.1","15","2.8","17.8","2.74","98","15.1","4","100","Available","1.2","15477","31172",""
"","Okafor","","LEE","MID","5.8","2.83","2.23","0.94","3","0.51","2.4","5.4","3","8.4","2.7","11.1","2.6","13.7","3.1","16.7","2.89","97","16.8","15","100","Available","0.4","15494","4374",""
"","Dunk","","BHA","DEF","4.5","3.04","3.63","0.9","3","0.66","2.9","5.9","3.2","9.1","2.8","11.9","2.7","14.6","3.3","17.9","3.98","104","23.1","22","100","Available","1.5","25194","10080",""
"","Ahanor","","CRY","DEF","4.5","2.99","-0.05","0.51","3","0.66","3.3","6.3","3","9.2","3.4","12.6","3.1","15.7","3.2","18.9","4.2","108","23.9","3","100","Available","0.0","656","212",""
"","Mitchell","","CRY","DEF","4.5","3.28","1.72","0.94","3","0.66","3.5","6.5","2.9","9.4","3.5","12.8","3","15.9","3.2","19.1","4.24","108","24.1","17","100","Available","6.1","19622","62574",""
"","McGinn","","AVL","MID","5.4","2.95","0.64","0.92","3","0.55","3.2","6.1","2.8","9","2.9","11.9","3.2","15.1","2.8","17.9","3.32","102","18.9","11","100","Available","2.2","16274","20752",""
"","Maatsen","","AVL","DEF","4.5","3.02","-0.31","0.08","2.9","0.65","3.4","6.3","2.7","9","3","12","3.3","15.3","2.7","17.9","3.98","101","22.5","9","25","Doubtful","0.6","539","26051","Ankle injury - 25% chance of playing"
"","Marmoush","","TOT","FWD","7","2.75","-0.6","0.77","2.9","0.42","2.6","5.6","3.1","8.6","2.6","11.2","2.9","14.1","2.6","16.7","2.38","93","13.3","6","100","Available","2.2","28077","40649",""
"","Havertz","","ARS","FWD","7.6","3.11","0.89","0.93","2.9","0.39","3.3","6.2","3","9.2","3.3","12.5","2.9","15.3","3.5","18.8","2.48","107","14.1","17","100","Available","8.3","116745","90306",""
"","Walton","","IPS","GK","4.4","2.97","1","0.07","2.9","0.67","3.2","6.1","2.9","9","3.2","12.2","3","15.2","3.1","18.3","4.17","103","23.5","0","100","Available","0.4","707","1858",""
"","Gallagher","","TOT","MID","5.3","2.73","-0.16","0.62","2.9","0.55","2.7","5.6","3","8.7","2.7","11.3","2.9","14.2","2.7","16.9","3.19","95","17.9","3","100","Available","0.2","656","2267",""
"","Canvot","","CRY","DEF","4.9","3.07","-1.48","0.72","2.9","0.6","3.2","6.1","3","9.1","3.3","12.4","3.1","15.5","3.2","18.7","3.81","107","21.8","2","100","Available","0.2","240","3969",""
"","Bentancur","","TOT","MID","5.5","2.76","0.35","0.94","2.9","0.53","2.7","5.7","2.9","8.6","2.6","11.2","2.8","14","2.7","16.7","3.03","93","17","11","100","Available","0.2","1876","1397",""
"","Zetterer","","LEE","GK","4","2.73","1","0.07","2.9","0.72","2.8","5.7","2.9","8.7","2.9","11.6","2.9","14.4","2.9","17.4","4.34","98","24.6","0","100","Available","0.7","17125","4484",""
"","Steele","","BHA","GK","4","2.85","1","0.07","2.9","0.72","3","5.9","3","8.9","2.8","11.7","2.8","14.6","3.2","17.7","4.43","101","25.3","0","100","Available","4.3","17628","18420",""
"","King","","FUL","MID","5.5","2.64","3.13","0.94","2.9","0.52","2.7","5.6","3.1","8.7","2.7","11.4","2.6","14","2.9","16.9","3.08","94","17.1","22","100","Available","1.8","85544","22728",""
"","Dubravka","","TOT","GK","4","2.61","1","0.07","2.9","0.72","2.8","5.7","2.9","8.6","2.8","11.4","2.8","14.3","2.7","17","4.24","96","23.9","0","100","Available","17.5","51036","74164",""
"","McAtee","","NFO","MID","5.5","2.43","0.5","0.87","2.9","0.52","2.6","5.5","2.6","8.1","2.7","10.8","2.6","13.4","2.7","16.1","2.92","93","16.9","10","100","Available","0.1","3026","1428",""
"","Belloumi","","HUL","MID","5.1","2.85","5.36","0.94","2.9","0.57","3.1","6","2.9","8.8","3.1","11.9","3.2","15.2","2.7","17.8","3.5","100","19.7","27","100","Available","4.2","320308","29280",""
"","Robertson","","TOT","DEF","4.4","2.56","1.09","0.88","2.9","0.65","2.3","5.2","3","8.2","2.3","10.5","2.8","13.3","2.4","15.6","3.55","88","20.1","13","100","Available","2.6","17520","18934",""
"","Tzolis","","ARS","MID","6.4","3.25","0.14","0.88","2.9","0.45","3.4","6.3","2.9","9.2","3.4","12.5","2.8","15.3","3.6","18.9","2.95","106","16.5","14","100","Available","13.6","34296","247382",""
"","Mamardashvili","","LIV","GK","4.9","2.95","1","0.07","2.9","0.58","3","5.9","2.8","8.6","3.1","11.7","3","14.7","2.8","17.5","3.58","102","20.9","0","100","Available","0.1","399","1199",""
"","John","","NFO","GK","4.5","2.46","1","0.07","2.8","0.63","2.5","5.3","2.6","7.9","2.5","10.5","2.4","12.9","2.6","15.5","3.45","90","19.9","0","100","Available","0.1","176","306",""
"","O'Brien","","EVE","DEF","4.9","2.55","-0.7","0.56","2.8","0.58","2.6","5.4","2.5","7.9","2.2","10.1","2.3","12.3","2.8","15.1","3.09","84","17.2","1","100","Available","0.3","1101","2402",""
"","Rashford","","MUN","MID","7","2.97","-0.7","0.89","2.8","0.41","3.2","6","2.8","8.8","3.2","12","2.8","14.8","3.2","18.1","2.58","102","14.6","8","100","Available","1.6","16602","20056",""
"","Kayode","","BRE","DEF","4.6","2.82","-0.79","0.94","2.8","0.62","2.4","5.3","2.8","8.1","2.7","10.8","3","13.8","2.4","16.2","3.53","93","20.1","17","100","Available","7.7","16511","119784",""
"","Kluivert","","BOU","MID","6","2.73","1.55","0.93","2.8","0.47","2.6","5.5","3.1","8.6","2.7","11.2","3","14.3","2.8","17","2.84","97","16.1","15","100","Available","1.0","12406","9443",""
"","Darlow","","MUN","GK","4.5","2.89","1","0.07","2.8","0.63","3.2","6","2.8","8.8","3","11.8","2.8","14.6","3.2","17.8","3.95","101","22.5","0","100","Available","0.0","155","291",""
"","Pinnock","","COV","DEF","4.5","2.61","-0.45","0.57","2.8","0.63","2.8","5.6","2.9","8.5","2.7","11.2","2.8","14","2.8","16.8","3.74","93","20.7","6","100","Available","0.1","362","631",""
"","Caicedo","","CHE","MID","5.3","2.92","-0.45","0.27","2.8","0.53","3","5.8","2.9","8.7","3","11.8","2.9","14.7","2.9","17.6","3.33","100","18.9","1","50","Doubtful","1.1","538","28528","Calf injury - 50% chance of playing"
"","Igor Jesus","","NFO","FWD","5.8","2.4","0.71","0.94","2.8","0.49","2.4","5.2","2.3","7.6","2.5","10","2.5","12.5","2.5","15","2.58","86","14.8","11","100","Available","2.8","58077","27909",""
"","Ajer","","BRE","DEF","4.5","2.81","-0.58","0.86","2.8","0.63","2.7","5.6","2.8","8.4","2.9","11.3","2.9","14.2","2.7","16.9","3.77","97","21.5","14","100","Available","4.0","7990","57239",""
"","Rushworth","","COV","GK","4.5","2.94","-2.13","0.94","2.8","0.63","3.1","5.9","2.7","8.6","3","11.7","3.2","14.8","2.7","17.5","3.89","97","21.6","5","100","Available","0.8","825","10363",""
"","McBurnie","","HUL","FWD","5.5","2.72","0.41","0.94","2.8","0.51","3","5.8","2.8","8.6","3","11.6","3.2","14.9","2.6","17.5","3.18","99","17.9","12","100","Available","2.0","31450","24386",""
"","Phillips","","HUL","GK","4","2.69","1","0.06","2.8","0.7","2.9","5.7","2.8","8.5","3","11.5","2.9","14.4","2.8","17.2","4.3","97","24.3","0","100","Available","1.4","4555","5961",""
"","Johnson","","EVE","MID","5.9","2.31","-0.46","0.93","2.8","0.47","2.7","5.5","2.6","8","2.2","10.2","2.4","12.6","2.8","15.5","2.62","86","14.5","6","100","Available","0.1","1951","1249",""
"","J.Timber","","ARS","DEF","6.5","3.59","-1","0.91","2.8","0.43","3.7","6.5","2.8","9.3","3.7","13","2.5","15.5","3.9","19.4","2.98","106","16.3","1","100","Available","0.3","17928","3359",""
"","Tel","","TOT","MID","5.8","2.59","-0.99","0.94","2.8","0.48","2.5","5.2","2.9","8.1","2.4","10.6","2.7","13.3","2.4","15.7","2.71","88","15.2","8","100","Available","0.2","804","5169",""
"","Martinez","","MUN","DEF","5","2.79","-0.66","0.81","2.8","0.56","3.1","5.9","2.8","8.7","2.9","11.6","2.7","14.3","3.1","17.3","3.47","99","19.7","6","100","Available","1.3","9868","8598",""
"","Sávio","","TOT","MID","6.5","2.51","0.47","0.68","2.8","0.43","2.4","5.2","3","8.1","2.4","10.5","2.7","13.2","2.4","15.6","2.4","88","13.5","6","100","Available","0.7","10737","11382",""
"","Diop","","IPS","DEF","4","2.7","-0.63","0.81","2.8","0.7","3.1","5.9","2.6","8.6","3.1","11.7","2.9","14.5","3","17.5","4.37","98","24.6","8","100","Available","13.3","17382","95979",""
"","Sadiki","","SUN","MID","4.9","2.92","-0.92","0.94","2.8","0.57","3.1","5.9","2.8","8.7","3.2","11.9","3","14.9","3","17.9","3.65","102","20.8","8","100","Available","0.2","1059","3128",""
"","Penders","","CHE","GK","4.4","2.88","1","0.07","2.8","0.63","3","5.8","2.9","8.7","3.1","11.8","3.1","14.9","2.9","17.8","4.05","101","23","0","100","Available","0.1","622","552",""
"","Ellborg","","SUN","GK","4.5","2.67","1","0.07","2.8","0.61","2.9","5.7","2.8","8.5","3","11.4","2.8","14.2","2.8","17.1","3.79","97","21.5","0","100","Available","0.1","167","486",""
"","Cash","","AVL","DEF","4.4","2.84","0.49","0.93","2.8","0.63","3.2","6","2.6","8.6","2.8","11.4","3.2","14.6","2.5","17.1","3.89","98","22.2","7","100","Available","5.1","3732","103088",""
"","Grealish","","EVE","MID","6.5","2.43","-1.44","0.79","2.8","0.42","2.5","5.3","2.5","7.7","2.1","9.8","2.2","12.1","2.7","14.8","2.27","81","12.5","3","100","Available","0.4","8627","5375",""
"","Ayari","","BHA","MID","5.4","2.9","1.94","0.77","2.8","0.51","2.8","5.6","3.1","8.6","2.7","11.4","2.7","14","3.1","17.1","3.17","100","18.5","12","100","Available","0.4","3154","3731",""
"","Fofana","","CHE","DEF","5","2.89","-1.39","0.91","2.8","0.55","2.9","5.7","2.8","8.5","3.1","11.6","2.9","14.5","2.8","17.3","3.46","97","19.5","4","100","Available","0.2","2853","3023",""
"","Rudoni","","COV","MID","4.9","2.78","-0.35","0.91","2.8","0.56","3.1","5.8","2.9","8.8","3.2","11.9","3.3","15.2","2.8","18","3.68","101","20.6","8","100","Available","0.1","441","1444",""
"","Kamara","","AVL","MID","5","2.69","-0.56","0.93","2.7","0.55","2.8","5.6","2.6","8.2","2.6","10.8","2.8","13.6","2.6","16.2","3.23","92","18.3","9","100","Available","0.3","1821","4186",""
"","Boscagli","","BHA","DEF","4.5","2.73","0.68","0.82","2.7","0.61","2.7","5.5","3.1","8.5","2.7","11.3","2.7","13.9","3.2","17.1","3.8","100","22.2","13","100","Available","0.3","1230","2143",""
"","Bijol","","LEE","DEF","5","2.71","-0.42","0.77","2.7","0.54","2.4","5.1","2.8","7.9","2.7","10.6","2.6","13.2","2.9","16.1","3.22","93","18.5","12","100","Available","0.7","3386","11552",""
"","Diouf","","BRE","DEF","4.5","2.66","-0.73","0.67","2.7","0.6","2.4","5.1","2.6","7.8","2.6","10.3","2.8","13.2","2.3","15.5","3.44","88","19.5","1","100","Available","0.1","954","1523",""
"","Touré","","NEW","MID","5.8","2.32","1.12","0.57","2.7","0.47","2.3","5","2.6","7.6","2.2","9.8","2.6","12.4","2.2","14.6","2.51","80","13.9","7","100","Available","0.1","1531","1370",""
"","Kamada","","CRY","MID","5","2.79","2.57","0.94","2.7","0.54","2.9","5.6","2.7","8.3","2.9","11.2","2.8","14","2.8","16.8","3.36","96","19.1","18","100","Available","0.5","19595","6715",""
"","Sanchez","","BOU","DEF","4.4","2.6","1","0.1","2.7","0.62","2.4","5.2","3.1","8.2","2.5","10.7","2.9","13.6","2.6","16.2","3.68","92","20.8","0","100","Available","0.2","286","1156",""
"","Bobb","","FUL","MID","5.5","2.53","0.29","0.94","2.7","0.49","2.6","5.3","2.9","8.2","2.6","10.7","2.4","13.2","2.7","15.9","2.88","88","16","10","100","Available","0.3","2399","3440",""
"","Delap","","NFO","FWD","5.5","2.26","1.02","0.84","2.7","0.49","2.4","5.1","2.3","7.4","2.5","9.8","2.5","12.3","2.4","14.7","2.68","85","15.5","8","100","Available","2.6","164919","17928",""
"","Danso","","SUN","DEF","5","2.96","-1.06","0.73","2.7","0.54","2.9","5.6","2.7","8.3","3","11.3","2.8","14.1","2.8","16.9","3.37","96","19.2","3","100","Available","0.2","1390","1362",""
"","Dalot","","MUN","DEF","4.9","2.9","-1.33","0.9","2.7","0.55","3.2","5.9","2.7","8.6","3","11.6","2.6","14.2","3.2","17.4","3.56","99","20.2","6","100","Available","1.7","3359","17285",""
"","Fatawu","","IPS","MID","5.4","2.77","-0.88","0.89","2.7","0.5","3","5.6","2.5","8.2","2.9","11.1","2.9","14","2.9","17","3.14","95","17.5","9","100","Available","0.2","550","2345",""
"","Matthews","","CRY","GK","4","2.74","1","0.18","2.7","0.67","3","5.7","2.7","8.4","3","11.5","2.7","14.2","2.9","17.1","4.27","98","24.4","0","100","Available","1.7","3100","5257",""
"","Núñez","","IPS","MID","4.9","2.72","-0.02","0.57","2.7","0.55","2.9","5.6","2.5","8.1","2.9","11","2.8","13.8","2.9","16.7","3.41","94","19.1","6","100","Available","0.1","300","1565",""
"","Charles","","FUL","MID","5","2.46","0.88","0.88","2.7","0.54","2.8","5.5","3","8.4","2.9","11.3","2.8","14.1","2.9","17","3.4","97","19.3","9","100","Available","0.1","660","587",""
"","Anthony","","BRE","MID","5.9","2.6","-1.62","0.94","2.7","0.45","2.5","5.2","2.7","7.9","2.9","10.8","2.9","13.7","2.6","16.3","2.76","93","15.7","5","100","Available","0.1","526","1853",""
"","Emersonn","","IPS","FWD","5.5","2.78","4.12","0.89","2.7","0.49","3","5.7","2.6","8.3","3.1","11.4","3.1","14.6","3.1","17.7","3.22","99","18","24","100","Available","3.1","140523","23525",""
"","Konsa","","ARS","DEF","4.5","2.85","1.3","0.78","2.7","0.6","3.2","5.9","2.7","8.5","3.1","11.7","2.5","14.2","3.2","17.5","3.88","96","21.4","11","100","Available","18.7","293759","56270",""
"","Hadjam","","BHA","DEF","4.5","2.65","1","0.17","2.7","0.59","2.6","5.3","2.9","8.2","2.5","10.7","2.4","13.2","2.9","16.1","3.58","93","20.7","0","100","Available","0.0","450","580",""
"","Gboho","","COV","MID","5.5","2.72","1","0.72","2.7","0.49","2.9","5.6","2.8","8.3","2.9","11.2","3","14.2","2.7","16.9","3.08","94","17.2","0","100","Available","0.0","118","37",""
"","Livramento","","NEW","DEF","4.9","2.26","0.57","0.92","2.7","0.55","2.3","4.9","2.5","7.5","2.1","9.6","2.6","12.2","2.2","14.3","2.92","79","16.1","4","100","Available","0.1","4396","1094",""
"","Mings","","AVL","DEF","4.5","2.53","-0.35","0.72","2.7","0.59","2.8","5.4","2.4","7.9","2.5","10.3","2.7","13","2.4","15.4","3.43","87","19.4","7","100","Available","0.4","3046","4566",""
"","Barkley","","AVL","MID","5","2.6","-0.45","0.94","2.7","0.53","2.8","5.5","2.5","8","2.6","10.6","2.8","13.4","2.5","15.9","3.19","90","18.1","9","100","Available","0.3","2333","3510",""
"","Solanke","","TOT","FWD","5.8","2.48","-1.26","0.92","2.7","0.46","2.4","5","2.8","7.9","2.3","10.2","2.6","12.8","2.3","15.1","2.61","85","14.6","5","100","Available","0.9","5042","11490",""
"","Hudson-Odoi","","NFO","MID","5.8","2.28","-0.28","0.32","2.6","0.46","2.2","4.9","2.2","7.1","2.3","9.4","2.2","11.6","2.3","13.9","2.4","80","13.8","1","100","Available","0.2","1644","2321",""
"","Slater","","HUL","MID","4.5","2.52","0.57","0.91","2.6","0.59","2.8","5.4","2.7","8.1","2.8","11","3","13.9","2.6","16.5","3.67","94","20.8","13","100","Available","5.5","55848","54375",""
"","Ajayi","","HUL","DEF","4.2","2.71","1.84","0.92","2.6","0.63","3.1","5.7","2.7","8.4","3.1","11.5","3.2","14.8","2.6","17.4","4.14","99","23.5","26","100","Available","14.0","221132","77994",""
"","Kudus","","TOT","MID","6.5","2.45","-1.65","0.92","2.6","0.41","2.3","4.9","2.8","7.7","2.2","9.9","2.6","12.4","2.3","14.7","2.26","82","12.7","3","100","Available","0.1","2347","2543",""
"","Harwood-Bellis","","AVL","DEF","4.5","2.62","1","0.34","2.6","0.58","2.9","5.6","2.5","8.1","2.7","10.7","2.9","13.7","2.5","16.1","3.59","92","20.5","0","100","Available","0.0","322","314",""
"","Yalcouyé","","BHA","MID","4.5","2.51","3.35","0.86","2.6","0.58","2.7","5.3","3","8.3","2.6","10.9","2.6","13.5","3","16.5","3.68","97","21.7","19","100","Available","4.0","113100","37201",""
"","Araujo","","LIV","DEF","5.4","2.83","2.15","0.89","2.6","0.49","2.8","5.4","2.6","8","2.9","10.9","2.7","13.7","2.6","16.3","3.02","97","18","15","100","Available","2.9","34090","15439",""
"","King","","EVE","GK","4.5","2.28","1","0.02","2.6","0.58","2.5","5.1","2.5","7.7","2.4","10.1","2.4","12.5","2.7","15.2","3.37","86","19.2","0","100","Available","0.0","215","264",""
"","Lukić","","IPS","MID","5","2.56","-0.87","0.91","2.6","0.52","2.8","5.4","2.5","7.9","2.8","10.8","2.9","13.6","2.8","16.4","3.28","92","18.5","9","100","Available","0.1","385","1180",""
"","Meunier","","SUN","DEF","4.5","2.88","-0.14","0.88","2.6","0.58","3.1","5.7","2.7","8.4","3.3","11.6","2.8","14.5","3","17.5","3.89","100","22.3","11","100","Available","0.3","876","1824",""
"","Munoz","","LIV","MID","6.5","2.93","-0.32","0.89","2.6","0.4","2.8","5.4","2.7","8.1","3","11.1","2.7","13.8","2.7","16.5","2.54","98","15.1","14","100","Available","1.0","5033","26771",""
"","Mosquera","","ARS","DEF","5.3","2.83","1","0.87","2.6","0.49","3.1","5.7","2.7","8.4","3.2","11.6","2.5","14.1","3.3","17.4","3.28","96","18.2","12","100","Available","1.7","280","75881",""
"","Mac Allister","","LIV","MID","5.4","2.8","-1.57","0.94","2.6","0.48","2.7","5.3","2.6","7.8","2.7","10.6","2.5","13.1","2.6","15.6","2.9","91","16.9","6","100","Available","1.3","10228","17403",""
"","Colwill","","CHE","DEF","4.9","2.74","-1.55","0.73","2.6","0.53","2.8","5.4","2.6","8","2.9","11","2.8","13.8","2.7","16.4","3.35","93","18.9","2","100","Available","0.9","1706","16514",""
"","I.Sangaré","","NFO","MID","4.9","2.36","-0.67","0.77","2.6","0.53","2.3","4.9","2.2","7.1","2.3","9.4","2.2","11.6","2.3","13.8","2.83","79","16.1","3","100","Available","0.5","1376","5312",""
"","Arrizabalaga","","ARS","GK","4.9","2.46","1","0.06","2.6","0.53","2.8","5.4","2.6","8","2.8","10.8","2.6","13.4","2.9","16.2","3.31","91","18.6","0","100","Available","0.1","166","516",""
"","Grimes","","COV","MID","4.9","2.54","-0.63","0.94","2.6","0.52","2.7","5.3","2.6","7.8","2.7","10.5","2.8","13.3","2.5","15.8","3.23","88","18","8","100","Available","0.1","537","1886",""
"","Hincapie","","ARS","DEF","5.3","2.85","-0.86","0.53","2.6","0.48","3.1","5.6","2.8","8.4","3.2","11.6","2.6","14.2","3.3","17.5","3.29","98","18.4","2","100","Available","0.9","2415","14392",""
"","White","","ARS","DEF","5.5","2.96","0.44","0.91","2.6","0.46","3.2","5.8","2.5","8.3","3.1","11.4","2.3","13.7","3.3","17","3.09","93","16.8","21","100","Available","5.6","19031","211620",""
"","Mbaye","","AVL","MID","6","2.59","-0.91","0.68","2.6","0.43","2.7","5.3","2.4","7.7","2.5","10.1","2.7","12.8","2.4","15.2","2.53","86","14.4","1","100","Available","0.1","2274","1282",""
"","Yeremy","","CRY","MID","5.5","2.79","0.08","0.92","2.5","0.46","2.9","5.5","2.4","7.9","2.8","10.7","2.6","13.2","2.7","15.9","2.89","90","16.3","12","100","Available","0.4","1597","11732",""
"","Valdimarsson","","BRE","GK","4.5","2.31","1","0.07","2.5","0.56","2.5","5.1","2.5","7.6","2.6","10.2","2.7","12.8","2.5","15.3","3.4","87","19.4","0","100","Available","0.1","278","762",""
"","Brobbey","","SUN","FWD","5.8","2.7","-1.13","0.93","2.5","0.44","2.8","5.4","2.5","7.9","2.9","10.8","2.8","13.5","2.8","16.3","2.81","93","16.1","7","100","Available","5.6","10730","130245",""
"","Giles","","HUL","DEF","4","2.42","3.48","0.9","2.5","0.63","2.9","5.4","2.7","8.1","3","11.1","3","14.1","2.6","16.7","4.18","96","23.9","24","100","Available","2.8","123523","19960",""
"","Manzambi","","AVL","MID","5.9","2.56","-0.9","0.87","2.5","0.43","2.7","5.2","2.4","7.5","2.4","10","2.6","12.6","2.3","14.9","2.53","85","14.3","1","100","Available","0.1","1675","899",""
"","Gray","","TOT","MID","4.9","2.2","0.21","0.65","2.5","0.51","2.3","4.8","2.7","7.5","2.3","9.8","2.6","12.4","2.4","14.7","3.01","84","17.1","7","100","Available","0.2","1482","1970",""
"","Berge","","FUL","MID","4.9","2.43","-0.41","0.88","2.5","0.51","2.5","5","2.7","7.7","2.5","10.2","2.4","12.7","2.6","15.3","3.12","86","17.5","8","100","Available","0.3","1493","2748",""
"","Lienou","","LEE","DEF","4","2.24","1","0.03","2.5","0.63","2.2","4.7","2.5","7.2","2.3","9.4","2.3","11.7","2.6","14.3","3.57","81","20.3","0","100","Available","0.1","1105","900",""
"","Benitez","","CRY","GK","4.5","2.4","-0.28","0.84","2.5","0.56","2.6","5.1","2.4","7.5","2.6","10.1","2.4","12.5","2.5","15","3.34","85","18.9","2","100","Available","0.1","1223","703",""
"","Greaves","","IPS","DEF","4","2.52","-1.64","0.93","2.5","0.63","2.9","5.4","2.4","7.9","2.9","10.8","2.6","13.4","2.8","16.2","4.06","92","23","3","100","Available","1.1","1254","6168",""
"","Wan-Bissaka","","AVL","DEF","4.5","2.47","-0.62","0.84","2.5","0.56","2.8","5.3","2.5","7.8","2.7","10.5","2.9","13.3","2.5","15.9","3.52","91","20.3","5","100","Available","0.2","4153","2058",""
"","Armstrong","","EVE","MID","5","2.16","0.55","0.51","2.5","0.5","2.4","4.8","2.3","7.1","2.1","9.2","2.2","11.3","2.4","13.8","2.76","77","15.3","14","75","Doubtful","0.4","5839","7435","Unspecified injury - 75% chance of playing"
"","Methalie","","SUN","DEF","4.5","2.68","1","0.25","2.5","0.55","2.9","5.3","2.6","7.9","3","10.9","2.7","13.6","2.8","16.4","3.64","94","20.9","0","100","Available","0.0","132","86",""
"","Dorgu","","MUN","MID","5.8","2.63","-0.48","0.94","2.5","0.43","2.9","5.4","2.5","7.9","2.9","10.8","2.5","13.3","3","16.3","2.82","94","16.1","6","100","Available","0.5","2665","7895",""
"","Sessegnon","","FUL","DEF","4.4","2.33","-0.96","0.47","2.5","0.56","2.3","4.8","2.8","7.5","2.4","9.9","2.3","12.2","2.6","14.8","3.36","83","18.8","3","75","Doubtful","0.3","226","4505","Groin injury - 75% chance of playing"
"","Struijk","","BHA","DEF","4.9","2.74","-1.51","0.73","2.5","0.5","2.4","4.9","2.7","7.6","2.3","9.9","2.2","12.1","2.8","14.8","3.02","86","17.5","2","100","Available","0.2","548","2251",""
"","Lindelöf","","AVL","DEF","4.5","2.29","0.11","0.86","2.5","0.55","2.7","5.2","2.3","7.5","2.5","9.9","2.7","12.6","2.3","14.9","3.31","84","18.8","7","100","Available","0.3","3019","3377",""
"","Bentley","","COV","GK","4","2.37","1","0.07","2.4","0.61","2.7","5.2","2.4","7.6","2.7","10.3","2.9","13.2","2.4","15.6","3.91","87","21.8","0","100","Available","0.6","10423","2405",""
"","van Ewijk","","COV","DEF","4","2.39","-1.1","0.94","2.4","0.61","2.6","5","2.3","7.4","2.5","9.9","2.6","12.4","2.3","14.7","3.68","81","20.2","6","100","Available","9.6","12073","96873",""
"","Gusto","","CHE","DEF","5","2.66","-1.86","0.92","2.4","0.49","2.8","5.3","2.6","7.9","3","10.9","2.9","13.8","2.7","16.5","3.29","94","18.8","4","100","Available","1.0","3927","12519",""
"","Gravenberch","","LIV","MID","5.9","2.62","-1.46","0.94","2.4","0.41","2.5","5","2.5","7.4","2.7","10.1","2.5","12.7","2.5","15.2","2.58","90","15.3","8","100","Available","1.2","3318","20533",""
"","Bahoya","","LEE","MID","5","2.24","1","0.25","2.4","0.49","2.1","4.6","2.4","7","2.3","9.3","2.2","11.5","2.5","14","2.79","80","16","0","100","Available","0.0","342","372",""
"","James","","CHE","DEF","5.4","2.64","-1.83","0.59","2.4","0.45","2.8","5.3","2.6","7.8","3","10.8","2.9","13.7","2.6","16.3","3.01","93","17.2","3","75","Doubtful","6.8","18032","106284","Unspecified injury - 75% chance of playing"
"","Flemming","","IPS","FWD","5.5","2.39","0.45","0.93","2.4","0.44","2.6","5.1","2.3","7.4","2.7","10.1","2.9","13","2.8","15.7","2.86","88","16","6","100","Available","0.1","3612","1120",""
"","Mason-Clark","","COV","MID","5.4","2.45","-1.12","0.88","2.4","0.45","2.6","5.1","2.5","7.6","2.7","10.3","2.8","13.1","2.5","15.6","2.89","88","16.2","4","100","Available","0.1","88","799",""
"","Clarke","","IPS","MID","5.4","2.35","-0.6","0.86","2.4","0.45","2.6","5","2.3","7.3","2.6","9.9","2.6","12.5","2.6","15.1","2.79","85","15.7","9","100","Available","0.2","454","2494",""
"","M.Bizot","","AVL","GK","4.5","2.22","-0.16","0.05","2.4","0.53","2.6","5","2.4","7.4","2.5","9.9","2.5","12.4","2.5","14.9","3.32","84","18.8","1","75","Doubtful","0.1","402","1250","Back injury - 75% chance of playing"
"","Gyökeres","","ARS","FWD","7.2","2.68","-0.63","0.52","2.4","0.33","2.8","5.2","2.4","7.6","2.8","10.5","2.3","12.8","3.1","15.9","2.21","91","12.6","1","100","Available","3.2","4490","50201",""
"","Maeda","","IPS","MID","5.4","2.52","-1.35","0.89","2.4","0.44","2.7","5.1","2.2","7.3","2.7","9.9","2.6","12.5","2.6","15.2","2.81","84","15.6","7","100","Available","0.2","207","3645",""
"","Ángel","","FUL","MID","5","2.24","1","0.27","2.4","0.48","2.3","4.7","2.6","7.3","2.4","9.7","2.3","11.9","2.4","14.3","2.87","80","16.1","0","100","Available","0.0","77","62",""
"","Aaronson","","LEE","MID","5.4","2.31","-1.51","0.94","2.4","0.44","2","4.3","2.3","6.7","2.2","8.9","2.1","11","2.4","13.4","2.47","77","14.3","6","100","Available","0.5","771","7357",""
"","Adams","","BOU","MID","5","2.3","0.08","0.94","2.4","0.47","2.3","4.7","2.6","7.3","2.3","9.6","2.5","12.1","2.4","14.6","2.91","83","16.5","8","100","Available","0.3","2718","3585",""
"","Bard","","LEE","DEF","4.5","2.18","-0.8","0.51","2.4","0.52","1.9","4.3","2.3","6.5","2.1","8.6","2","10.6","2.3","12.9","2.88","73","16.3","1","100","Available","0.0","332","130",""
"","Fernandez-Pardo","","NEW","FWD","6","2.03","-0.89","0.84","2.4","0.39","2.1","4.4","2.2","6.6","2","8.6","2.2","10.8","2","12.7","2.12","70","11.7","2","100","Available","0.1","3022","2083",""
"","George","","EVE","MID","5.5","1.92","3.08","0.91","2.4","0.43","2.2","4.6","2.1","6.7","1.9","8.6","2","10.6","2.3","12.9","2.35","72","13","18","100","Available","1.0","42239","9543",""
"","Wood","","NFO","FWD","5.8","2.01","-1.13","0.83","2.3","0.4","1.9","4.3","1.9","6.1","2","8.1","2","10.1","2","12","2.08","69","11.9","3","100","Available","0.9","4852","13702",""
"","Florentino","","IPS","MID","4.9","2.29","-0.65","0.61","2.3","0.48","2.3","4.7","2.1","6.8","2.3","9.1","2.3","11.4","2.3","13.7","2.8","76","15.6","1","100","Available","0.1","163","744",""
"","Amenda","","COV","DEF","4","2.34","-1.59","0.08","2.3","0.58","2.6","4.9","2.3","7.2","2.6","9.8","2.6","12.4","2.3","14.7","3.68","82","20.4","4","25","Doubtful","0.7","1379","6863","Calf injury - 25% chance of playing"
"","Andrés","","BHA","MID","5.5","2.4","0.5","0.59","2.3","0.42","2.3","4.7","2.6","7.2","2.2","9.4","2.2","11.6","2.6","14.2","2.58","83","15","4","100","Available","0.0","427","218",""
"","Alderete","","SUN","DEF","4.9","2.54","-0.18","0.43","2.3","0.47","2.7","5","2.4","7.4","2.8","10.2","2.5","12.7","2.6","15.3","3.13","88","18","1","100","Available","0.2","251","3573",""
"","Kostoulas","","BHA","FWD","5.5","2.29","3.81","0.88","2.3","0.42","2.4","4.7","2.6","7.3","2.4","9.7","2.3","12","2.6","14.7","2.66","86","15.6","18","100","Available","0.9","48931","12829",""
"","Eze","","ARS","MID","6.3","2.58","-1.21","0.82","2.3","0.37","2.8","5.1","2.4","7.4","2.7","10.1","2.2","12.4","2.9","15.3","2.43","86","13.7","3","100","Available","1.1","2781","16267",""
"","Smith","","BOU","DEF","4.5","2.05","-1.75","0.86","2.3","0.51","2.1","4.4","2.7","7.2","2.2","9.3","2.6","11.9","2.3","14.2","3.15","81","17.9","2","100","Available","0.1","739","1745",""
"","Matusiwa","","IPS","MID","4.9","2.23","1","0.6","2.3","0.47","2.4","4.7","2.2","6.9","2.4","9.4","2.5","11.8","2.4","14.2","2.91","80","16.3","0","100","Available","0.0","48","33",""
"","Heaven","","MUN","DEF","4.4","2.2","-0.14","0.26","2.3","0.52","2.5","4.8","2.3","7.1","2.4","9.5","2.2","11.7","2.5","14.2","3.23","81","18.4","1","100","Available","0.3","559","3177",""
"","J.Cuenca","","FUL","DEF","4.5","2.13","0.09","0.18","2.3","0.51","2.3","4.6","2.4","7","2.3","9.3","2.2","11.5","2.4","13.9","3.1","78","17.3","3","100","Available","0.0","82","301",""
"","Welbeck","","CHE","FWD","5.9","2.44","-1.28","0.75","2.3","0.39","2.6","4.9","2.2","7.1","2.5","9.7","2.5","12.1","2.2","14.4","2.43","81","13.8","2","100","Available","0.9","22275","11925",""
"","Udogie","","TOT","DEF","4.4","1.96","0.51","0.93","2.3","0.52","1.9","4.2","2.4","6.6","1.9","8.5","2.2","10.7","1.9","12.7","2.88","71","16.2","7","100","Available","0.3","785","4615",""
"","Dasilva","","COV","DEF","4","2.36","-1.39","0.93","2.3","0.57","2.6","4.9","2.3","7.1","2.6","9.7","2.6","12.3","2.2","14.6","3.64","80","20.1","5","100","Available","0.7","790","4226",""
"","Willock","","NEW","MID","5","1.9","0.1","0.89","2.3","0.46","2.1","4.4","2.2","6.5","2","8.5","2.1","10.6","2","12.6","2.51","69","13.9","12","100","Available","0.5","6106","7394",""
"","J.Murphy","","NEW","MID","5.9","1.96","-1.56","0.94","2.3","0.39","2","4.3","2.2","6.5","1.9","8.4","2.2","10.5","1.9","12.4","2.1","68","11.6","2","100","Available","0.1","1797","1622",""
"","Mehmeti","","IPS","MID","4.9","2.2","1","0.29","2.3","0.47","2.4","4.7","2.2","6.9","2.4","9.3","2.4","11.7","2.4","14.1","2.88","79","16.1","0","100","Available","0.0","68","299",""
"","Kerkez","","LIV","DEF","5.4","2.47","-0.67","0.92","2.3","0.42","2.4","4.7","2.2","6.9","2.5","9.4","2.4","11.7","2.2","13.9","2.58","83","15.3","7","100","Available","2.3","2618","37887",""
"","Rowe","","AVL","DEF","4","2.18","1","0.09","2.3","0.57","2.5","4.8","2.2","7","2.3","9.3","2.5","11.8","2.2","14","3.5","80","19.9","0","100","Available","0.2","1667","1491",""
"","Mouzakitis","","HUL","MID","5","2.24","1","0.33","2.3","0.45","2.5","4.7","2.3","7","2.5","9.5","2.6","12","2.1","14.2","2.84","80","16","0","100","Available","0.0","199","105",""
"","Ömür","","HUL","MID","4.9","2.2","1","0.12","2.2","0.46","2.4","4.7","2.2","6.9","2.4","9.3","2.6","11.9","2.1","14","2.86","79","16.1","0","100","Available","0.0","268","294",""
"","Šeško","","MUN","FWD","7","2.39","-0.5","0.94","2.2","0.32","2.5","4.8","2.2","6.9","2.6","9.5","2.2","11.7","2.6","14.3","2.04","80","11.4","8","100","Available","1.8","21793","20793",""
"","Pau","","AVL","DEF","4.5","2.31","-1.08","0.43","2.2","0.5","2.6","4.8","2.1","6.9","2.3","9.2","2.5","11.7","2.1","13.8","3.07","78","17.4","3","75","Doubtful","0.3","235","7751","Hamstring injury - 75% chance of playing"
"","McNeil","","CRY","MID","5.4","2.26","-0.36","0.45","2.2","0.41","2.5","4.7","2.2","7","2.5","9.4","2.4","11.8","2.4","14.2","2.62","81","15","3","100","Available","0.1","165","1359",""
"","Baleba","","MUN","MID","4.9","2.21","1","0.25","2.2","0.46","2.4","4.7","2.2","6.9","2.4","9.3","2.2","11.4","2.4","13.9","2.83","79","16.1","0","50","Doubtful","0.1","563","1571","Ankle injury - 50% chance of playing"
"","Smith Rowe","","FUL","MID","5.4","2.11","-1.24","0.87","2.2","0.41","2.1","4.4","2.5","6.8","2.2","9","2","11","2.3","13.3","2.46","74","13.7","3","100","Available","0.2","526","3040",""
"","Philogene","","IPS","MID","5.4","2.27","-0.66","0.81","2.2","0.41","2.4","4.6","2","6.7","2.4","9.1","2.4","11.4","2.4","13.8","2.55","76","14.1","1","100","Available","0.1","77","341",""
"","Lewis","","MCI","DEF","4.4","1.73","-0.1","0.16","2.2","0.5","1.7","4","2.2","6.1","1.8","7.9","2","9.9","1.8","11.7","2.67","66","15","1","100","Available","0.2","1039","2445",""
"","Nketiah","","CRY","FWD","5.5","2.25","0.34","0.66","2.2","0.4","2.5","4.7","2.2","6.9","2.4","9.3","2.3","11.6","2.3","13.9","2.52","79","14.4","7","100","Available","0.5","721","20905",""
"","Bouaddi","","MCI","MID","5.5","1.96","-0.83","0.53","2.2","0.4","1.9","4.1","2.3","6.4","2","8.4","2.1","10.5","2","12.5","2.27","71","12.9","2","100","Available","0.2","2732","3629",""
"","Hackney","","EVE","MID","5.5","1.88","-0.26","0.88","2.2","0.4","2","4.2","2","6.2","1.7","7.9","1.8","9.7","2.2","11.9","2.16","65","11.9","9","100","Available","0.2","655","1742",""
"","Maddison","","TOT","MID","6.3","1.93","-0.64","0.84","2.2","0.35","1.8","4","2.3","6.3","1.8","8.1","2.1","10.2","1.8","12","1.9","67","10.6","2","100","Available","0.4","1478","4014",""
"","Hume","","SUN","DEF","4.4","2.5","0.04","0.77","2.2","0.5","2.7","4.8","2.3","7.1","2.8","10","2.4","12.4","2.6","15","3.42","87","19.7","9","100","Available","3.1","1657","74093",""
"","Quenda","","CHE","MID","5.3","2.22","-0.17","0.17","2.2","0.41","2.4","4.6","2.2","6.8","2.4","9.3","2.4","11.7","2.2","13.9","2.62","79","14.9","1","100","Available","0.0","141","485",""
"","Lerma","","CRY","MID","4.9","2.2","-0.7","0.52","2.2","0.44","2.3","4.4","2.1","6.5","2.2","8.8","2.2","10.9","2.1","13.1","2.67","74","15.1","1","100","Available","0.1","159","732",""
"","Yarmoliuk","","BRE","MID","4.8","2.17","-0.42","0.93","2.2","0.45","2.1","4.3","2.2","6.5","2.4","8.9","2.3","11.2","2.2","13.3","2.78","76","15.9","6","100","Available","0.7","1624","7989",""
"","Gourna-Douath","","HUL","MID","5","2.11","-0.31","0.5","2.1","0.43","2.4","4.5","2.2","6.7","2.4","9","2.5","11.5","2","13.5","2.71","76","15.2","3","100","Available","0.0","140","258",""
"","Georginio","","BHA","FWD","5.4","2.22","0.28","0.88","2.1","0.4","2.2","4.3","2.4","6.7","2.1","8.8","2.1","10.8","2.4","13.2","2.45","77","14.3","5","100","Available","0.5","1953","10822",""
"","Anselmino","","CHE","DEF","4.5","2.09","1","0.13","2.1","0.47","2.3","4.5","2.2","6.6","2.4","9.1","2.3","11.4","2.2","13.6","3.01","77","17.1","0","100","Available","0.0","171","199",""
"","Lavia","","CHE","MID","5","2","0.53","0.89","2.1","0.42","2.3","4.4","2.1","6.5","2.3","8.8","2.2","11","2.1","13.1","2.63","74","14.9","11","100","Available","0.2","2537","3949",""
"","Strand Larsen","","CRY","FWD","6","2.17","1.7","0.94","2.1","0.35","2.4","4.5","2.1","6.6","2.3","8.9","2.2","11.2","2.2","13.4","2.23","77","12.8","12","100","Available","0.6","12926","9244",""
"","Kipré","","IPS","DEF","3.9","2.02","1","0.2","2.1","0.54","2.4","4.5","2","6.5","2.4","8.8","2.2","11","2.3","13.3","3.41","75","19.2","0","100","Available","1.1","38399","8669",""
"","N.Angulo","","SUN","MID","5","2.18","0.28","0.9","2.1","0.42","2.3","4.4","2.2","6.6","2.4","9","2.3","11.3","2.3","13.6","2.71","78","15.6","12","100","Available","0.1","659","1890",""
"","Bidwell","","COV","DEF","4","2.02","1","0.11","2.1","0.52","2.4","4.4","2.1","6.6","2.4","8.9","2.5","11.4","2.1","13.5","3.37","75","18.7","0","100","Available","0.1","428","625",""
"","Latibeaudiere","","COV","DEF","4","2.02","1","0.2","2.1","0.52","2.4","4.4","2.1","6.6","2.4","8.9","2.5","11.4","2.1","13.5","3.37","75","18.7","0","100","Available","0.0","138","286",""
"","O'Nien","","SUN","DEF","4","2.13","-0.13","0.29","2.1","0.52","2.4","4.4","2.1","6.6","2.5","9.1","2.2","11.3","2.3","13.6","3.4","78","19.5","1","100","Available","2.4","1962","21239",""
"","Crooks","","HUL","MID","4.5","1.88","-0.24","0.81","2","0.46","2.2","4.2","2.1","6.3","2.2","8.5","2.3","10.8","2","12.8","2.84","73","16.1","3","100","Available","0.5","3718","5268",""
"","Nmecha","","LEE","FWD","5.4","1.87","-0.4","0.86","2","0.38","1.7","3.7","2","5.7","1.8","7.5","1.8","9.3","2","11.3","2.09","66","12.2","6","100","Available","0.5","5490","6634",""
"","Steur","","NEW","MID","4.9","1.74","-0.45","0.87","2","0.42","1.9","3.9","2","5.9","1.8","7.8","2","9.8","1.8","11.6","2.37","65","13.2","5","100","Available","0.1","362","890",""
"","Tchaouna","","COV","MID","5.4","2","-0.72","0.73","2","0.38","2.2","4.3","2.1","6.4","2.3","8.7","2.3","11","2.1","13","2.42","73","13.5","4","100","Available","0.1","34","925",""
"","Hjertø-Dahl","","HUL","MID","4.9","2","-0.52","0.29","2","0.42","2.2","4.3","2.1","6.3","2.2","8.6","2.4","10.9","2","12.9","2.63","73","14.8","1","100","Available","0.1","267","710",""
"","Madueke","","ARS","MID","6.2","2.14","-0.63","0.56","2","0.33","2.4","4.4","2.1","6.5","2.4","8.9","2","10.9","2.6","13.5","2.18","76","12.3","2","100","Available","0.2","1069","3325",""
"","Chilwell","","CRY","DEF","4.5","2.15","0.51","0.8","2","0.45","2.4","4.4","1.9","6.4","2.4","8.8","2.1","10.8","2.2","13","2.89","74","16.4","8","100","Available","0.5","2960","8350",""
"","Garnacho","","AVL","MID","5.8","2.05","-0.76","0.66","2","0.35","2.3","4.3","2","6.3","2.1","8.3","2.3","10.7","2","12.6","2.17","73","12.5","3","100","Available","0.3","782","6398",""
"","Frimpong","","LIV","DEF","5.3","2.26","-1.3","0.77","2","0.38","2.2","4.2","2","6.2","2.3","8.5","2.2","10.7","2","12.8","2.41","77","14.4","2","100","Available","1.9","2765","37180",""
"","Coyle","","HUL","DEF","4","1.94","0.89","0.93","2","0.5","2.4","4.5","2.2","6.6","2.5","9.1","2.6","11.7","2.1","13.8","3.45","79","19.8","13","100","Available","0.7","10595","3886",""
"","Stroud","","HUL","MID","5","1.98","-0.72","0.89","2","0.4","2.2","4.2","2","6.3","2.2","8.5","2.3","10.8","1.9","12.7","2.54","72","14.3","7","100","Available","0.1","612","788",""
"","Osorio","","CRY","MID","5.5","2.1","-0.5","0.53","2","0.36","2.3","4.3","2","6.3","2.3","8.6","2.1","10.7","2.2","12.9","2.35","74","13.5","1","100","Available","0.0","75","143",""
"","Mfuni","","COV","DEF","4","1.89","1","0.38","2","0.5","2.2","4.2","2","6.3","2.2","8.5","2.3","10.8","2","12.8","3.2","71","17.8","0","100","Available","0.1","5370","1425",""
"","Mount","","MUN","MID","5.4","1.91","1","0.42","2","0.37","2.1","4.1","2","6.1","2.1","8.2","1.9","10.2","2.2","12.3","2.28","70","12.9","0","100","Available","0.0","327","254",""
"","Muniz","","FUL","FWD","5.4","1.83","-0.89","0.85","2","0.37","1.9","3.9","2.1","6","1.9","8","1.8","9.8","1.9","11.7","2.17","65","12.1","3","100","Available","0.4","3042","5480",""
"","Zubimendi","","ARS","MID","5.3","2.22","-1.39","0.94","2","0.37","2.3","4.2","2","6.3","2.3","8.6","1.9","10.5","2.4","12.9","2.43","72","13.7","4","100","Available","0.6","1352","8404",""
"","Vitor Reis","","MCI","DEF","4.5","1.51","-0.24","0.21","2","0.44","1.5","3.5","1.9","5.4","1.5","6.9","1.8","8.7","1.6","10.2","2.27","57","12.8","1","100","Available","0.0","140","228",""
"","Tsimikas","","LIV","DEF","4.9","2.17","-1.05","0.54","2","0.4","2.1","4.1","1.9","6","2.2","8.2","2.1","10.3","1.9","12.3","2.5","73","14.9","2","100","Available","0.1","279","608",""
"","Torp","","COV","MID","5.4","1.94","-1.03","0.8","2","0.36","2.1","4.1","2","6.1","2.1","8.2","2.2","10.4","2","12.4","2.3","69","12.8","3","100","Available","0.1","42","976",""
"","Henry","","BRE","DEF","4.4","1.73","-0.2","0.27","2","0.45","1.8","3.8","2","5.7","1.9","7.7","2.1","9.8","1.8","11.6","2.63","66","15","1","100","Available","0.2","362","1458",""
"","Tomiyasu","","CRY","DEF","4.4","1.98","-1.47","0.69","2","0.44","2.2","4.2","1.9","6","2.2","8.2","2","10.2","2","12.2","2.78","69","15.7","2","100","Available","0.3","403","2502",""
"","Gruev","","LEE","MID","5","1.76","1","0.68","2","0.39","1.7","3.6","1.9","5.6","1.8","7.4","1.8","9.2","2","11.2","2.23","64","12.8","0","100","Available","0.0","11","35",""
"","Nunes","","BRE","MID","4.5","1.8","1","0.07","1.9","0.43","1.9","3.8","1.9","5.7","2","7.8","2","9.8","1.8","11.6","2.59","66","14.7","0","100","Available","0.0","1648","376",""
"","Braithwaite","","MCI","DEF","4","1.5","-0.21","0.22","1.9","0.48","1.5","3.4","1.9","5.4","1.5","6.9","1.8","8.7","1.6","10.2","2.55","57","14.3","1","100","Available","0.2","2143","2463",""
"","Barco","","CHE","MID","5.4","1.97","-1.41","0.52","1.9","0.36","2.1","4","1.9","6","2.1","8.1","2","10.1","1.9","12","2.23","68","12.6","1","100","Available","0.1","428","1209",""
"","Sakamoto","","COV","MID","4.8","1.86","-0.33","0.31","1.9","0.4","2.1","4","2","6","2.1","8.1","2.1","10.2","2","12.2","2.54","68","14.2","1","100","Available","0.1","107","852",""
"","Bamba","","NEW","MID","4.9","1.61","-0.5","0.48","1.9","0.39","1.7","3.6","1.8","5.5","1.6","7.1","1.8","8.9","1.6","10.5","2.14","58","11.8","2","100","Available","0.1","347","1017",""
"","Mazraoui","","MUN","DEF","4.4","1.95","-0.88","0.66","1.9","0.44","2.3","4.2","2","6.1","2.2","8.3","1.9","10.2","2.3","12.5","2.83","72","16.3","3","100","Available","0.5","2353","7098",""
"","Coppola","","BHA","DEF","4.5","1.71","1","0.11","1.9","0.43","1.8","3.7","2","5.8","1.8","7.6","1.8","9.3","2.1","11.4","2.54","66","14.6","0","100","Available","0.0","170","199",""
"","Thomas","","HUL","MID","5.5","1.98","-1.06","0.9","1.9","0.35","2.1","4.1","1.9","6","2.1","8.1","2.3","10.4","1.8","12.1","2.21","68","12.4","2","100","Available","0.0","1168","460",""
"","Amass","","MUN","DEF","4","1.84","1","0.09","1.9","0.48","2.2","4.1","1.9","6","2.1","8.1","1.9","10","2.2","12.2","3.06","69","17.4","0","100","Available","0.2","1268","1528",""
"","Hato","","CHE","DEF","4.5","1.95","-0.58","0.92","1.9","0.42","2.1","4","2","5.9","2.2","8.1","2.1","10.2","2","12.1","2.7","69","15.2","8","100","Available","0.9","4274","18929",""
"","Ruggeri","","AVL","DEF","4.5","1.94","-0.55","0.46","1.9","0.42","2.3","4.2","1.8","6","2.1","8","2.3","10.3","1.8","12.2","2.7","70","15.6","2","100","Available","0.1","645","1035",""
"","David","","BHA","FWD","6","2.01","-0.93","0.52","1.9","0.32","1.9","3.8","2.2","6","1.9","7.9","1.8","9.7","2.2","11.9","1.99","71","11.8","1","100","Available","0.2","1925","4612",""
"","George Hemmings","","AVL","MID","4.5","1.67","0.05","0.66","1.9","0.42","1.9","3.8","1.8","5.6","1.7","7.3","1.9","9.2","1.7","10.9","2.42","62","13.7","8","100","Available","1.3","12615","14870",""
"","Merino","","ARS","MID","5.8","2.06","-1.57","0.93","1.9","0.33","2.3","4.2","1.9","6.1","2.3","8.3","1.8","10.2","2.4","12.6","2.18","71","12.3","3","100","Available","0.4","1254","5840",""
"","Doucouré","","CRY","MID","4.9","1.81","1","0.04","1.9","0.39","2","3.9","1.9","5.8","2","7.8","2","9.8","2","11.8","2.4","67","13.7","0","100","Available","0.0","233","758",""
"","Larsson","","FUL","MID","5","1.76","-0.83","0.8","1.9","0.38","1.8","3.7","2","5.7","1.8","7.5","1.7","9.2","1.9","11.1","2.22","62","12.3","2","100","Available","0.0","174","112",""
"","Lewis-Skelly","","ARS","MID","5.5","1.88","-0.22","0.88","1.9","0.34","2.1","4","1.9","5.9","2.1","8","1.8","9.7","2.2","11.9","2.16","66","12","9","100","Available","0.6","2967","9905",""
"","Cook","","BOU","MID","5","1.85","-0.96","0.93","1.9","0.37","1.8","3.6","2","5.6","1.8","7.4","2","9.4","1.8","11.2","2.24","64","12.7","7","100","Available","0.2","749","3327",""
"","Tosin","","TOT","DEF","4.4","1.61","-0.42","0.33","1.9","0.42","1.6","3.4","1.9","5.3","1.5","6.8","1.7","8.5","1.6","10.1","2.3","56","12.8","1","100","Available","0.2","382","907",""
"","Brooks","","BOU","MID","5","1.8","-1.36","0.91","1.9","0.37","1.7","3.5","2.1","5.6","1.7","7.3","2","9.3","1.8","11.1","2.23","63","12.7","2","100","Available","0.1","461","802",""
"","Ngumoha","","LIV","MID","5.8","1.89","-0.84","0.77","1.8","0.32","2","3.8","1.9","5.7","2.1","7.8","1.9","9.7","1.9","11.7","2.01","69","11.8","4","100","Available","0.5","1571","9754",""
"","Wilson","","BRE","FWD","5.5","1.71","-0.62","0.75","1.8","0.33","1.7","3.5","1.8","5.3","2","7.3","1.9","9.3","1.7","11","1.99","62","11.3","3","100","Available","0.3","1468","5409",""
"","Cho","","HUL","MID","5","1.8","-0.89","0.87","1.8","0.37","2.1","4","1.9","5.9","2.2","8.1","2.4","10.4","1.8","12.2","2.44","69","13.8","3","100","Available","0.0","367","208",""
"","Henderson","","CHE","MID","4.9","1.79","1","0.25","1.8","0.38","2","3.8","1.9","5.7","2","7.7","1.9","9.6","1.9","11.5","2.35","65","13.3","0","50","Doubtful","0.0","42","393","Wrist injury - 50% chance of playing"
"","Onyeka","","COV","MID","4.9","1.7","0.3","0.77","1.8","0.37","1.9","3.8","1.9","5.6","1.9","7.6","2","9.6","1.9","11.4","2.33","64","13","6","100","Available","0.1","298","1415",""
"","Netz","","NFO","DEF","4.4","1.41","-0.25","0.48","1.8","0.42","1.5","3.3","1.6","5","1.5","6.5","1.5","8","1.6","9.7","2.2","56","12.7","2","100","Available","0.0","213","313",""
"","Andrey Santos","","MUN","MID","4.8","1.76","-0.66","0.66","1.8","0.38","2","3.8","1.8","5.6","2","7.6","1.8","9.4","2","11.4","2.38","65","13.5","4","100","Available","0.6","2637","11136",""
"","Acheampong","","CHE","DEF","4.5","1.7","-0.31","0.62","1.8","0.4","1.9","3.7","1.9","5.6","2","7.7","2","9.6","1.9","11.5","2.56","66","14.6","5","100","Available","0.4","1332","5400",""
"","Emegha","","CHE","FWD","5","1.69","1","0.07","1.8","0.36","1.9","3.7","1.8","5.5","1.9","7.4","1.9","9.3","1.8","11.1","2.22","63","12.6","0","0","Injured","0.1","110","2544","Hamstring injury - Expected back 18 Sep"
"","Kovačić","","MCI","MID","5.4","1.52","-0.23","0.46","1.8","0.33","1.5","3.3","1.9","5.2","1.6","6.8","1.7","8.5","1.6","10.1","1.88","57","10.6","2","100","Available","0.1","223","883",""
"","Talbi","","SUN","MID","5.3","1.83","-0.12","0.37","1.8","0.34","2.1","3.8","1.8","5.7","2.1","7.8","2","9.8","2","11.8","2.23","68","12.8","1","100","Available","0.1","287","1457",""
"","Rodríguez","","BOU","FWD","6","1.75","-0.79","0.67","1.8","0.3","1.7","3.5","1.9","5.4","1.7","7.1","1.9","9","1.7","10.7","1.79","61","10.2","2","100","Available","0.1","813","1236",""
"","Fofana","","SUN","MID","5.5","1.95","-0.98","0.86","1.8","0.32","2","3.8","1.8","5.7","2.1","7.8","2","9.7","2","11.7","2.13","67","12.2","2","100","Available","0.0","435","569",""
"","Iroegbunam","","HUL","MID","5","1.76","-0.57","0.75","1.8","0.36","1.9","3.7","1.8","5.5","1.9","7.4","2","9.3","1.7","11","2.2","62","12.3","1","100","Available","0.0","353","252",""
"","Yirenkyi","","COV","MID","4.9","1.75","-0.91","0.88","1.8","0.36","1.9","3.7","1.8","5.5","1.9","7.4","2","9.4","1.8","11.2","2.28","62","12.6","6","100","Available","0.2","219","2263",""
"","Simms","","COV","FWD","5","1.67","-0.19","0.63","1.8","0.35","1.9","3.6","1.8","5.5","1.9","7.4","1.9","9.3","1.8","11","2.21","62","12.4","3","100","Available","0.7","2533","11189",""
"","Akpom","","IPS","FWD","5","1.63","0.62","0.39","1.7","0.35","1.9","3.6","1.6","5.2","1.9","7.1","2","9.1","1.9","11","2.21","61","12.2","6","100","Available","1.2","19641","19062",""
"","Hamer","","COV","MID","5.4","1.76","-0.72","0.67","1.7","0.32","2","3.7","1.8","5.5","2","7.6","2.1","9.6","1.8","11.4","2.12","64","11.9","3","100","Available","0.1","61","866",""
"","Estêvão","","CHE","MID","6.3","1.79","-0.9","0.79","1.7","0.28","2","3.7","1.7","5.5","2","7.5","1.9","9.4","1.7","11.1","1.77","63","10","3","100","Available","0.7","2647","9250",""
"","Kevin","","FUL","MID","5.3","1.54","-0.46","0.78","1.7","0.32","1.6","3.3","1.9","5.3","1.7","6.9","1.6","8.5","1.8","10.2","1.93","57","10.7","3","100","Available","0.0","537","600",""
"","Isidor","","SUN","FWD","5.5","1.86","1.44","0.9","1.7","0.31","2","3.7","1.7","5.4","2","7.4","1.9","9.3","1.9","11.2","2.04","64","11.6","14","100","Available","1.4","5854","22215",""
"","Dominguez","","NFO","MID","4.9","1.38","-0.12","0.47","1.7","0.35","1.5","3.2","1.4","4.6","1.5","6.2","1.5","7.7","1.5","9.1","1.87","53","10.8","1","100","Available","0.1","232","642",""
"","Furlong","","IPS","DEF","3.9","1.64","-0.21","0.48","1.7","0.44","2","3.7","1.6","5.4","2","7.4","1.8","9.2","1.9","11.1","2.85","63","16","1","100","Available","0.6","5510","3140",""
"","Longstaff","","LEE","MID","4.9","1.51","-0.4","0.58","1.7","0.35","1.3","3","1.6","4.7","1.5","6.1","1.4","7.6","1.7","9.2","1.88","53","10.8","2","100","Available","0.1","417","1273",""
"","Gozo","","CRY","MID","5","1.66","-0.75","0.54","1.7","0.34","1.8","3.5","1.7","5.2","1.8","7","1.7","8.7","1.7","10.4","2.08","59","11.8","2","100","Available","0.0","73","177",""
"","McNair","","HUL","DEF","4","1.6","-0.13","0.37","1.7","0.42","2","3.7","1.7","5.4","2","7.3","2","9.3","1.6","11","2.74","62","15.4","1","100","Available","0.1","639","802",""
"","O'Riley","","BHA","MID","5.4","1.68","-0.39","0.31","1.7","0.31","1.7","3.4","1.9","5.2","1.6","6.8","1.5","8.3","1.9","10.2","1.88","59","11","1","100","Available","0.1","533","1133",""
"","Yoro","","MUN","DEF","4.9","1.71","-0.52","0.54","1.7","0.34","2.1","3.7","1.7","5.4","2","7.4","1.7","9.1","2.1","11.2","2.28","64","13.1","2","100","Available","0.5","582","4432",""
"","Hickey","","BRE","DEF","4.5","1.46","-0.37","0.87","1.7","0.37","1.6","3.2","1.7","5","1.7","6.7","1.9","8.6","1.6","10.2","2.26","59","13.1","4","100","Available","0.1","289","529",""
"","James","","LEE","MID","4.9","1.41","-0.42","0.65","1.7","0.34","1.4","3","1.6","4.6","1.5","6.2","1.4","7.6","1.7","9.3","1.89","53","10.9","2","100","Available","0.1","652","1260",""
"","Guessand","","CRY","MID","5.4","1.6","-0.25","0.49","1.6","0.3","1.9","3.5","1.6","5.2","1.9","7","1.7","8.8","1.8","10.5","1.95","60","11.2","2","100","Available","0.0","295","715",""
"","Bogarde","","AVL","MID","5","1.52","-0.07","0.33","1.6","0.33","1.8","3.4","1.6","5","1.6","6.7","1.8","8.5","1.6","10","2.01","58","11.5","1","100","Available","0.1","449","874",""
"","Christie","","BOU","MID","5","1.55","-0.79","0.93","1.6","0.33","1.5","3.2","1.8","5","1.6","6.6","1.8","8.3","1.6","10","2","57","11.4","3","100","Available","0.0","499","584",""
"","Alcaraz","","EVE","MID","4.9","1.22","-0.33","0.46","1.6","0.33","1.5","3.2","1.4","4.6","1.2","5.8","1.3","7.1","1.6","8.8","1.79","48","9.8","1","100","Available","0.1","464","894",""
"","Dowman","","ARS","MID","5.3","1.59","1","0.13","1.6","0.31","1.9","3.5","1.7","5.1","1.8","7","1.6","8.6","2","10.5","1.98","59","11.2","0","100","Available","0.1","816","981",""
"","Mingueza","","CRY","DEF","4.4","1.68","-0.67","0.47","1.6","0.37","2","3.6","1.6","5.2","2","7.3","1.7","9","1.9","10.9","2.47","62","14.2","2","100","Available","0.1","230","841",""
"","Hughes","","CRY","MID","4.4","1.58","-0.69","0.59","1.6","0.37","1.8","3.4","1.6","5","1.7","6.7","1.7","8.4","1.7","10","2.28","57","13","2","100","Available","7.8","24627","85720",""
"","Costinha","","BHA","DEF","4.5","1.58","-1.25","0.88","1.6","0.36","1.6","3.2","1.8","5","1.5","6.4","1.4","7.8","1.8","9.7","2.15","57","12.6","3","100","Available","0.0","191","279",""
"","Yates","","NFO","MID","4.5","1.24","1","0.3","1.6","0.36","1.4","3","1.3","4.3","1.4","5.7","1.4","7.1","1.4","8.5","1.88","49","10.8","0","100","Available","1.2","2743","13657",""
"","Abraham","","AVL","FWD","5.5","1.51","-0.75","0.84","1.6","0.29","1.7","3.3","1.5","4.8","1.5","6.3","1.7","8","1.5","9.6","1.74","54","9.9","3","100","Available","0.2","3593","2565",""
"","Dibling","","EVE","MID","5.4","1.22","1","0.02","1.6","0.29","1.5","3.1","1.4","4.5","1.3","5.8","1.4","7.1","1.6","8.7","1.61","48","8.9","0","100","Available","0.0","244","344",""
"","Bergvall","","TOT","MID","5.4","1.31","-0.27","0.57","1.6","0.29","1.4","3","1.7","4.6","1.4","6","1.5","7.6","1.4","9","1.66","51","9.4","2","100","Available","0.1","305","1096",""
"","Miley","","NEW","MID","4.5","1.21","1","0.07","1.6","0.35","1.4","3","1.5","4.5","1.4","5.9","1.5","7.4","1.4","8.7","1.94","48","10.7","0","100","Available","0.0","2847","499",""
"","Osman","","BHA","MID","5","1.54","-0.62","0.69","1.6","0.31","1.6","3.2","1.7","4.9","1.5","6.5","1.5","7.9","1.8","9.7","1.94","57","11.3","3","100","Available","0.0","139","205",""
"","Koumas","","LIV","MID","5","1.56","-0.42","0.41","1.5","0.31","1.6","3.2","1.6","4.8","1.8","6.6","1.6","8.2","1.6","9.8","1.96","58","11.6","2","100","Available","0.0","185","269",""
"","Chavarria","","CHE","DEF","4.9","1.72","-1.33","0.88","1.5","0.32","1.8","3.4","1.6","5","1.9","6.9","1.8","8.7","1.6","10.4","2.12","59","12","4","100","Available","0.1","434","1476",""
"","Cherif","","COV","FWD","5","1.45","-0.34","0.35","1.5","0.31","1.6","3.1","1.6","4.7","1.6","6.4","1.7","8","1.5","9.6","1.91","54","10.7","1","100","Available","0.1","1454","1289",""
"","Samba","","MCI","MID","4.5","1.2","1","0.04","1.5","0.34","1.3","2.8","1.6","4.4","1.3","5.8","1.4","7.2","1.4","8.6","1.91","48","10.7","0","100","Available","0.0","656","828",""
"","Cresswell","","LEE","MID","4.5","1.25","1","0.03","1.5","0.34","1.3","2.8","1.5","4.3","1.4","5.7","1.4","7.1","1.5","8.6","1.91","50","11","0","100","Available","0.1","1242","1762",""
"","Targett","","HUL","DEF","4","1.41","-0.1","0.13","1.5","0.38","1.8","3.3","1.5","4.8","1.8","6.6","1.8","8.4","1.4","9.8","2.46","55","13.8","1","75","Doubtful","1.8","3639","16409","Ankle injury - 75% chance of playing"
"","Vaz","","HUL","FWD","5","1.39","-0.26","0.55","1.5","0.3","1.6","3.1","1.5","4.6","1.6","6.1","1.7","7.9","1.3","9.2","1.84","52","10.3","1","100","Available","0.1","5074","1527",""
"","Ji-soo","","BRE","DEF","4.5","1.19","1","0.11","1.5","0.33","1.4","2.8","1.5","4.3","1.5","5.8","1.6","7.3","1.3","8.7","1.93","49","11","0","100","Available","0.0","58","146",""
"","Gomez","","LIV","DEF","4.9","1.43","1","0.82","1.5","0.3","1.6","3.1","1.4","4.5","1.7","6.2","1.6","7.8","1.5","9.3","1.89","55","11.3","0","100","Available","0.0","155","104",""
"","Endo","","LIV","MID","4.9","1.3","1","0.02","1.5","0.3","1.4","2.9","1.5","4.4","1.5","5.9","1.4","7.3","1.5","8.8","1.8","52","10.5","0","100","Available","0.1","326","770",""
"","Norton-Cuffy","","HUL","DEF","4","1.42","-1.09","0.81","1.5","0.36","1.8","3.2","1.5","4.7","1.8","6.4","1.8","8.3","1.4","9.7","2.42","54","13.6","1","100","Available","0.3","4661","3322",""
"","Thomas-Asante","","COV","FWD","5","1.37","-0.59","0.93","1.5","0.29","1.6","3","1.5","4.6","1.6","6.2","1.6","7.8","1.5","9.3","1.86","53","10.5","5","100","Available","0.8","7519","11159",""
"","Rigg","","SUN","MID","4.9","1.44","-0.23","0.47","1.4","0.29","1.7","3.1","1.5","4.6","1.7","6.3","1.6","8","1.6","9.6","1.96","55","11.3","2","100","Available","0.0","54","439",""
"","Zirkzee","","MUN","FWD","5.4","1.36","-0.2","0.5","1.4","0.26","1.5","3","1.4","4.4","1.6","5.9","1.4","7.3","1.6","8.9","1.64","50","9.2","1","100","Available","0.4","2380","5368",""
"","Zepa","","FUL","MID","4.5","1.2","1","0.1","1.4","0.32","1.4","2.8","1.6","4.4","1.4","5.8","1.3","7.1","1.5","8.6","1.91","48","10.6","0","100","Available","0.3","970","4502",""
"","Kalimuendo","","NFO","FWD","5.4","1.07","-0.05","0.19","1.4","0.26","1.2","2.6","1.1","3.7","1.2","4.9","1.2","6.1","1.2","7.3","1.35","42","7.7","1","100","Available","0.1","448","760",""
"","Gelhardt","","HUL","MID","5","1.27","1","0.45","1.4","0.28","1.5","3","1.4","4.4","1.5","5.9","1.6","7.6","1.3","8.9","1.77","50","10","0","100","Available","0.0","257","213",""
"","McAidoo","","MCI","MID","4.5","1.06","-0.25","0.4","1.4","0.31","1.2","2.6","1.5","4","1.2","5.3","1.3","6.6","1.2","7.8","1.74","44","9.8","2","100","Available","0.1","849","1763",""
"","Alysson","","AVL","MID","5","1.21","1.36","0.76","1.4","0.27","1.5","2.9","1.4","4.2","1.4","5.6","1.5","7.1","1.3","8.4","1.69","49","9.7","8","100","Available","0.1","1440","562",""
"","McConnell","","LIV","MID","4.4","1.24","1","0.02","1.4","0.31","1.4","2.8","1.4","4.2","1.5","5.6","1.4","7","1.4","8.4","1.91","49","11.2","0","100","Available","0.2","2451","2326",""
"","Reed","","FUL","MID","4.4","1.1","1","0.07","1.4","0.31","1.3","2.7","1.5","4.1","1.3","5.5","1.3","6.7","1.4","8.1","1.84","45","10.3","0","100","Available","1.2","15093","14510",""
"","Zambrano","","HUL","MID","4.5","1.2","1","0.15","1.3","0.3","1.5","2.8","1.4","4.2","1.5","5.7","1.6","7.2","1.3","8.5","1.89","48","10.6","0","100","Available","0.1","1146","1046",""
"","Jebbison","","BOU","FWD","5","1.22","-0.26","0.42","1.3","0.27","1.3","2.7","1.5","4.1","1.3","5.4","1.5","6.9","1.4","8.3","1.65","47","9.4","2","100","Available","0.1","1811","1880",""
"","Dowell","","HUL","MID","4.5","1.19","1","0.19","1.3","0.3","1.5","2.8","1.4","4.2","1.5","5.6","1.6","7.2","1.2","8.4","1.88","47","10.5","0","100","Available","0.3","1413","3921",""
"","Ibrahim","","BHA","MID","4.5","1.21","1","0.08","1.3","0.29","1.4","2.7","1.5","4.2","1.3","5.5","1.3","6.8","1.5","8.3","1.84","48","10.7","0","100","Available","0.0","1095","237",""
"","Tóth.A","","BOU","MID","4.9","1.13","-0.02","0.3","1.3","0.27","1.2","2.5","1.5","4","1.2","5.2","1.4","6.7","1.3","8","1.62","45","9.2","1","100","Available","0.0","56","124",""
"","Ahoka","","SUN","MID","4.5","1.2","1","0.09","1.3","0.29","1.4","2.7","1.3","4","1.5","5.5","1.4","7","1.4","8.4","1.86","48","10.7","0","100","Available","0.2","2044","3334",""
"","Graham","","EVE","MID","4.5","0.88","1","0.06","1.3","0.28","1.2","2.5","1.1","3.6","1","4.5","1.1","5.6","1.3","6.8","1.52","38","8.4","0","100","Available","0.1","1512","2119",""
"","Gannon-Doak","","BOU","MID","4.9","1.08","-0.19","0.69","1.3","0.26","1.2","2.4","1.4","3.8","1.2","5","1.4","6.4","1.2","7.6","1.56","43","8.9","3","100","Available","0.1","302","734",""
"","Herrington","","HUL","DEF","4","1.18","-0.62","0.88","1.2","0.31","1.5","2.8","1.3","4","1.5","5.5","1.6","7.1","1.2","8.3","2.07","47","11.6","4","100","Available","0.6","3159","3228",""
"","McAteer","","IPS","MID","4.5","1.06","-0.18","0.72","1.2","0.27","1.3","2.6","1.2","3.7","1.3","5.1","1.4","6.5","1.3","7.8","1.74","44","9.7","3","100","Available","1.1","2144","12035",""
"","Walle Egeli","","IPS","FWD","4.5","1.08","-0.04","0.24","1.2","0.27","1.3","2.6","1.2","3.7","1.3","5.1","1.4","6.4","1.3","7.8","1.72","43","9.6","1","100","Available","3.7","54684","42279",""
"","J.Angulo","","SUN","FWD","4.5","1.11","1","0.05","1.2","0.27","1.3","2.5","1.2","3.8","1.4","5.1","1.3","6.4","1.3","7.7","1.72","44","9.9","0","100","Available","0.8","29677","10286",""
"","Lacey","","MUN","MID","4.9","1.03","-0.04","0.15","1.2","0.25","1.3","2.5","1.2","3.7","1.3","5","1.2","6.2","1.3","7.6","1.55","43","8.8","1","100","Available","0.1","440","520",""
"","Ouattara","","IPS","DEF","4","1.1","-0.59","0.88","1.2","0.3","1.4","2.6","1.1","3.8","1.4","5.2","1.3","6.5","1.4","7.9","1.97","44","11.1","4","100","Available","0.9","2329","4696",""
"","A.García","","AVL","DEF","4","0.96","1","0.08","1.2","0.29","1.3","2.5","1.1","3.6","1.2","4.8","1.3","6.1","1.1","7.2","1.81","41","10.3","0","100","Available","1.6","6672","12608",""
"","Fletcher","","MUN","MID","4.4","0.93","1","0.04","1.1","0.25","1.2","2.3","1.1","3.4","1.2","4.6","1.1","5.7","1.2","7","1.58","39","9","0","100","Available","0.3","2842","2884",""
"","Nyoni","","LIV","MID","4.9","0.93","-0.08","0.4","1.1","0.22","1.1","2.2","1.1","3.3","1.2","4.5","1.1","5.6","1.1","6.7","1.37","40","8.1","2","100","Available","0.0","165","484",""
"","Kusi-Asare","","FUL","FWD","4.5","0.84","1","0.1","1.1","0.23","1","2.1","1.1","3.2","1","4.3","1","5.2","1.1","6.3","1.4","35","7.8","0","100","Available","5.7","26735","59149",""
"","Mheuka","","CHE","FWD","4.5","0.62","1","0.06","0.8","0.17","0.9","1.6","0.8","2.4","0.8","3.3","0.8","4.1","0.8","4.9","1.08","28","6.1","0","100","Available","0.5","8144","5310",""